-1.091857898346652589e-01,-2.545884687722191342e-01,8.697795628470705864e-02,-3.549126644015020982e-01
-4.226633730755277596e-01,-4.748012768970860664e-02,-2.740167134165466534e-02,-1.402915332628068557e-01
-4.825599346581725402e-01,-9.188375045893427961e-02,-1.271659235883794148e-01,-5.431180818174387304e-02
6.888422149074355794e-01,6.186865576430392588e-01,6.002449787565294903e-01,-4.597259312992009184e-01
4.881966018635157667e-01,4.832827482238009065e-01,6.627568124616055600e-01,-4.923710204884261810e-01
-6.628225683867607909e-01,2.807831048707385868e+00,-1.110594033422312998e-01,4.159338646347152668e-01
-7.251951130040613647e-01,2.783487229961422393e+00,-8.519434749220848591e-02,4.626154389526994648e-01
-9.414941057653122281e-01,2.720320675218371065e+00,-1.904286412234618697e-01,3.165751310993371037e-01
-9.176179823210612874e-01,2.763778982832611586e+00,-1.087720197270542200e-01,1.442053750932133505e-01
-9.438802343418178920e-01,2.762416697303768487e+00,-1.251273498470804879e-01,1.238949012522212456e-01
-2.671034802173015699e-01,3.363597360270963232e+00,7.987230087962851055e-01,5.183020649064611074e-02
-6.907040393940148126e-01,3.100474405284168622e+00,9.577013241415874845e-01,-1.605973450876971298e-01
-3.687774887102028831e-01,3.100993178023572661e+00,4.661384651406872415e-01,-1.115109910434730345e-01
-3.610572739098347195e-01,3.098798878620910635e+00,4.914575143356151310e-01,-1.122147216813467741e-01
-4.521180556673822792e-01,2.848448578358195427e+00,5.801742136256520244e-01,1.740516279176756442e-01
-5.797007583316833301e-01,3.357360717971435093e+00,7.188668799793144215e-01,-2.087707143407890875e-01
-5.751626979677617602e-01,3.355442325753755117e+00,7.167551413883475053e-01,-2.150442292067692718e-01
-8.362452462821436949e-01,3.500876985657837004e+00,7.497713723402281705e-01,-2.631505824537197502e-01
-2.343975810726239839e-02,3.812668543573277891e+00,9.535497536662059792e-01,-4.435675400356283160e-01
-5.439585850981455695e-02,3.941371236225677865e+00,9.705053836996571093e-01,-3.449591770598625651e-01
5.142493272613142541e-02,3.943243469609733598e+00,9.646089540514961591e-01,-4.062415994608586933e-01
-1.952258752471615066e-01,3.668285166073576686e+00,4.758238902783541446e-01,-4.216082409500370720e-01
-2.161006417594366624e-01,3.662774805561378688e+00,4.984792396247733626e-01,-4.305426007877770633e-01
-2.245530044238415734e-01,3.632953525133328032e+00,5.158088259069653070e-01,-4.582111891343490506e-01
-2.312152480849294089e-01,3.638538622002479794e+00,5.105836822402637365e-01,-4.593607410092140908e-01
-2.327750575463974347e-01,3.635874173581509883e+00,5.066000014982424693e-01,-4.657429694721208491e-01
-2.261808802177281696e-01,3.699774448369085533e+00,5.185843823223919014e-01,-4.873986012541419166e-01
3.634664927499858811e-01,3.975322467033376217e+00,2.781312372121316212e-01,-3.828124175839704435e-01
7.096775081287942655e-01,3.912612687043201198e+00,3.571043966491726507e-01,-3.588346356759907763e-01
-1.609026641312949479e-01,4.072135195410092834e+00,7.610287701974438601e-01,-4.735592089655010772e-01
-1.813319500719806077e-01,4.072466012513752176e+00,7.196016111329766041e-01,-4.426668931861578171e-01
-1.905020059607008265e-01,4.103180718428093066e+00,7.119783251519491429e-01,-4.587193016599809825e-01
-1.026347697560043987e-01,4.098613889432542123e+00,7.143110467688825738e-01,-4.788850521270852645e-01
7.344220318037104622e-01,3.440355710371342024e+00,-5.080203555918825220e-01,4.846999652985375939e-02
2.042599844555575972e-01,3.412084225033658047e+00,-6.108851950425486788e-01,-2.427794153778630448e-01
5.027913189147480422e-01,3.289814053331744592e+00,-3.658967305374919432e-01,-2.283522533770144247e-01
6.576808228246588950e-01,3.465492223445579167e+00,-5.456236201517787876e-01,1.405077667317473633e-01
5.478980785281083454e-01,3.773994494976996350e+00,-7.166135844229072349e-01,1.621405468700202190e-01
1.080856304951606450e+00,-1.738625860587417193e-02,7.111000810444700893e-02,-1.989923284505346612e-01
9.288186654980226109e-01,7.268574415936347732e-02,-9.983687851502449917e-02,-4.240441128357071432e-01
1.020728563067287986e+00,8.618081931505086613e-02,-1.260853187337326597e-01,-4.936738540492727756e-01
1.006490149424037250e+00,8.708481486096750213e-02,-1.362000055051922620e-01,-4.981775956879532230e-01
8.509322193529946787e-01,3.980212257740829984e-01,-3.252585228049688082e-01,3.435033012684783338e-01
3.695587079641867168e-01,3.342279818883924225e-01,-4.362069685167803135e-01,4.381906633929975592e-01
3.560433976154735447e-01,3.415316124271234322e-01,-3.505178742379503887e-01,4.591947880319353636e-01
3.688963753125802936e-01,3.478697917825790964e-01,-3.342050605534646612e-01,4.754798698068692375e-01
2.727663708267653586e-01,5.360705255800055635e-01,-1.087702196731575865e-01,3.847054523446793439e-01
5.585074148371194092e-01,4.373361797098684334e-01,-2.782328779831891308e-02,2.800105454670654415e-01
5.024659986475845663e-01,1.021155190338642660e+00,-7.652108102164625336e-01,3.939372525052975971e-01
8.985695378619489304e-01,4.392976096929026575e-01,-5.683654957166368871e-02,1.549412856476983513e-01
6.511593111270157497e-01,1.296420458848305812e-01,-9.148851133606498154e-01,1.877736336249087312e-01
1.263596798516893882e-01,1.245012829224327738e-01,2.337321099033246030e-01,3.761267830273433144e-01
1.298135305262770600e-01,1.820590903443483066e-01,2.463082783934438247e-01,4.354021970634149863e-01
3.315503335251370753e-01,3.195855194845538816e-01,3.203161891952185925e-01,3.045135735345353423e-01
3.336430535756725879e-01,3.243012186373888661e-01,3.273600352133421154e-01,3.038151940667474515e-01
5.177590330247223704e-01,7.244330958375176932e-01,5.076922313212118842e-01,-8.391528978685947049e-02
5.219001621469649965e-01,7.127756480481465262e-01,5.732800338463113210e-01,-1.287565836880782133e-01
5.170741088341690439e-01,7.246967404098022536e-01,5.731193157632532564e-01,-1.119216966090136878e-01
5.076618105699333139e-01,6.222014772448644093e-01,5.168824545929536773e-01,-2.450897578068673144e-01
6.272088601212966186e-01,5.916138154157088991e-01,4.875770525362338459e-01,-1.483866219182113089e-01
6.235629504841075921e-01,5.913016677412935573e-01,4.871107997508118403e-01,-1.436082048648877341e-01
6.256959479250728817e-01,5.904702438304627599e-01,5.000782971860094905e-01,-1.405583290786923123e-01
4.539991355991340738e-01,6.394445472271644837e-01,3.815443324164297101e-01,-2.478635354818775893e-01
4.656246975619474093e-01,8.232957528191411356e-01,4.681551988039021062e-01,-1.147591164271406505e-01
7.007595969642544942e-01,1.185606666530126363e+00,3.257013781255132523e-01,-1.278590829957666486e-01
7.178539051705334906e-01,1.164526541130779691e+00,3.319625795212570729e-01,-1.086588409506370062e-01
5.661688168796199516e-01,1.279332929383727668e+00,1.158199795930473786e-01,-1.383450193244320503e-01
4.014519279715972888e-01,1.141758845613793927e+00,2.880535795217127326e-01,-2.825922296019086621e-01
4.344137201121847647e-01,1.162901799309398854e+00,2.930046900732720117e-01,-4.380332454646952978e-01
4.316113563775195172e-01,1.172117343810005208e+00,2.946497461954534214e-01,-4.436420503004548377e-01
9.083005858593679038e-02,1.726338138057248894e+00,8.133183372659225085e-03,-2.200078995040800345e-01
1.340681719267173277e-01,1.713955203417406814e+00,5.156049904445332566e-02,-1.907674729539162173e-01
6.356379198269894726e-01,3.463491777617861089e+00,-8.244196712525083681e-01,4.129615339867285795e-01
6.707691472687040690e-01,3.767792257636802589e+00,-9.887222853840960113e-01,3.852389077543461049e-02
-7.178733798255447773e-01,2.936645137843639120e+00,4.796790314653835985e-01,6.364358730667821207e-02
-8.044110065587800618e-01,3.004356449351512026e+00,2.375224426761362584e-01,-2.727051886709234985e-02
-8.408183600702737737e-01,2.971062921368132326e+00,1.947480764369187156e-01,6.316885539440780795e-02
-8.846240101650036936e-01,2.967393549324206514e+00,8.738773654439954686e-02,1.552395547235602136e-01
-9.215391844997378179e-01,2.899617008596117262e+00,7.859998297648453092e-02,5.742332366147853695e-02
-9.191413418780073341e-01,2.886479553095129269e+00,1.401064329660574870e-01,1.452600786110716247e-01
-3.538870550126079761e-01,5.739784520458029782e+00,5.010416461317840353e-01,-4.654909385919756559e-01
-3.681785439035054064e-01,5.728469999413834834e+00,5.012847197412986233e-01,-4.945033844526740552e-01
-3.706082231439683516e-01,5.731131052025882688e+00,5.018230931552877250e-01,-4.986030892670407222e-01
-3.642126156323366448e-01,5.778925998052503843e+00,4.925157423846953098e-01,-4.732446815056989275e-01
-4.770738058897242007e-01,5.929124260285449921e+00,1.742160781049518770e-01,-2.330398546573654028e-01
-6.018067342588850899e-01,5.925861199350035413e+00,3.266418228061432893e-01,-2.600306435026025764e-02
-6.948465554771598995e-01,5.828385704158618452e+00,1.116417696170862450e-01,-1.143237144584164089e-01
-7.460299953981384125e-01,5.896006290265630945e+00,5.518140474830051517e-02,-6.731856553021328682e-02
-9.880529024705311247e-01,5.246513018272593420e+00,8.182072543302850720e-01,-1.445233298691228629e-03
-1.243823047906388091e+00,4.863901179751507264e+00,8.968459550080327691e-01,3.818410077153568394e-01
-1.272206092666982702e+00,5.287533075149872808e+00,8.490399189854485051e-01,1.712908922319310023e-01
-1.133478017777933555e+00,5.698845818161263566e+00,7.564253998666270462e-02,3.266478090378917565e-01
-1.245010392218497852e+00,5.756738248859088358e+00,9.530687670219978314e-02,3.073271845483692699e-01
-1.068008052615988968e+00,5.891989380484896621e+00,1.189067322620208089e-01,2.122599911732596656e-01
-8.524084171099504115e-01,5.980585686785715005e+00,4.931793242806387090e-01,2.875815870366442706e-01
-8.372489349823979410e-01,5.997471309719522026e+00,4.977543772427386326e-01,2.730810671810822154e-01
-7.808521906352621222e-01,5.866453963898513813e+00,7.016803063702768961e-01,3.214655283684813569e-01
-7.656593918276142219e-01,5.863098768739471112e+00,7.055885367487695348e-01,3.502445785432557468e-01
-4.087308613476144381e-01,5.801252782861632262e+00,6.585825952626350732e-01,2.687850168144908514e-01
-3.959915904461052683e-01,5.801193648893109511e+00,6.508316210559734749e-01,2.679113426641875906e-01
-5.607213056898951997e-01,5.833102256724192358e+00,5.457490882664126630e-01,2.202497210874532207e-01
-4.957247799622713780e-01,5.974007020709871441e+00,4.681041746628161748e-01,1.185756112479806612e-01
-9.939574211755547450e-01,4.324236327524937806e+00,8.399548967806667044e-01,-2.723816153350979707e-01
-9.127418639393255484e-01,4.409020797785118795e+00,9.252532213816254680e-01,-2.705870191825219262e-01
-8.893450949921332116e-01,4.419310702028172777e+00,9.443118861096559957e-01,-3.123690194245292706e-01
-8.777018630005355426e-01,4.375595931581634623e+00,9.884815124671597619e-01,-2.814227701555001016e-01
-9.117951092358475007e-01,4.362233174890824294e+00,9.907890469825301194e-01,-2.683869870823937243e-01
-9.125015764427667486e-01,4.369120170770208311e+00,9.953129249320904481e-01,-2.688656790147814779e-01
-9.124915918602003462e-01,4.369120601965949646e+00,9.953612237306225241e-01,-2.688521456775768148e-01
-8.851106148382524852e-01,4.531013844516023958e+00,6.358058110518447492e-01,-4.195835365652272886e-01
-9.230241041446085593e-01,4.878084073817618105e+00,4.283194049047019947e-01,3.550648166220315982e-02
-9.448034655191682729e-01,4.942324650992297563e+00,2.400569921836066267e-01,-3.782255748850708865e-03
-4.715651379465718440e-01,4.772314972081914242e+00,9.590587934290195626e-01,4.636424273512992911e-01
-4.713336254512611734e-01,4.769863032792692970e+00,9.659737166427357913e-01,4.653105670879518763e-01
-4.538847385788322142e-01,4.769956103641988854e+00,9.852765921903452462e-01,4.637878816733698173e-01
-4.534228485626581318e-01,4.770112692892291228e+00,9.851981887459182463e-01,4.655369245461599137e-01
-4.455626301487990437e-01,4.765609973338448491e+00,9.778484800892983664e-01,4.659256917361178085e-01
-4.926185112507374120e-01,4.727796707817343069e+00,9.960193142175424175e-01,3.542301169043449716e-01
-4.357769725921639137e-01,4.703426875169258281e+00,9.254410811698157158e-01,4.691496499257473696e-01
1.516400885663257703e-01,4.950668881188570403e+00,7.294122435147066819e-01,-5.778849404641417387e-02
8.487448396024541153e-02,4.794666975726456393e+00,7.536655965920788791e-01,4.357580151401203861e-03
1.379765109174447002e-01,5.121882460958835814e+00,7.909127391024080023e-01,-2.954980340353679513e-01
2.265978226182725486e-01,5.023438238090184527e+00,9.015357918825004369e-01,-2.816009653153553338e-01
1.997968013824045763e-01,4.983270274871424377e+00,8.829954589730687475e-01,-3.454547092046083567e-01
2.203770603480535717e-01,4.991992027900891138e+00,8.855921866635737549e-01,-3.756190301671336607e-01
2.537306589227247833e-01,4.884088813963814779e+00,8.985769867326697247e-01,-3.601476864865787442e-01
2.799435708252869248e-01,5.793550189484182766e+00,7.057345905513151552e-01,-4.432876738225482449e-01
3.711781778077819505e-01,5.748643993453605106e+00,3.616168093186151178e-01,-5.305045917899625652e-02
-1.408364929471832561e-01,5.590089051134774500e+00,5.431381841069715666e-01,1.618175950820658904e-01
-1.475903317014174709e-01,5.584747648108096207e+00,5.426440877153487774e-01,1.739394800528096807e-01
1.660556780004351918e-02,5.559281431413364949e+00,5.829786866568574810e-01,1.884646915353745955e-01
8.875634469413862249e-02,5.398824517007311030e+00,-1.292182809999168347e-01,1.157855354236729806e-01
3.347057765909777771e-01,5.815705372864475642e+00,-2.374681335472618726e-01,7.653609533120553365e-03
1.862480768013069221e-01,5.929149171899823934e+00,4.339826757804704505e-02,2.852680299697663568e-01
1.130309156500872159e-01,5.901672230358283144e+00,3.064886263096435262e-02,3.072477355222201223e-01
-8.607916741573773400e-02,5.919335861502197815e+00,3.321714022595546045e-01,4.866444506999856867e-01
-9.159118034874390302e-02,5.937001915273619979e+00,3.043277136390050708e-01,4.757473780335148561e-01
-7.558050442287991832e-02,5.985010710367438591e+00,2.712096641734779157e-01,4.558831949186604171e-01
-9.118190825077687744e-02,5.999028462859257615e+00,2.490903813617275642e-01,4.589746303497083679e-01
8.740575516451645766e-02,4.472349893743222005e+00,8.945784525909783458e-01,-2.621108235350989024e-01
-9.596490315038774810e-01,5.575448427085367697e+00,9.344283648160081057e-01,4.422036065741462019e-01
-9.596322244465141926e-01,5.575529727433130134e+00,9.346036784606638337e-01,4.422614041396680795e-01
-9.324078328061914389e-01,5.484252787027446452e+00,9.576108888643078965e-01,4.364788070909873530e-01
-1.003391961187385162e+00,5.626523914317585806e+00,8.872854879330415168e-01,4.637929086009198176e-01
-1.068824714798989994e+00,5.619253112347758261e+00,8.171263525172443032e-01,4.981299942261425695e-01
-1.070546245996887080e+00,5.619259115546027417e+00,8.179339663553591988e-01,4.995328975122617643e-01
-1.070253075665924980e+00,5.621177431379633660e+00,8.186436919279485025e-01,4.997096862837245301e-01
-9.623756004802845876e-01,5.862579469008185384e+00,6.259209879841509672e-01,1.479012795712977280e-01
1.859918245993252839e-02,5.076861707381692845e+00,1.212959908443295709e-01,-4.164966023743666979e-01
6.531633723577995321e-01,4.545724145645969827e+00,1.998160387260353721e-01,-4.084665368926528317e-01
7.718518147097437332e-01,4.567137165484562722e+00,3.120857352529734507e-01,-4.678226588504270644e-01
6.758025375839331605e-01,5.088173834908108262e+00,-3.105784257759988121e-01,1.753757285999552606e-01
7.438489878002443323e-01,5.031978058491155537e+00,-2.158828477202373586e-01,6.639011485328989715e-02
-1.614784170648652095e-01,5.801201047043227810e+00,-1.441018460620979713e-02,-4.234631383306731722e-01
-2.487215659166925330e-01,5.854443193228605402e+00,-1.483322379020482196e-01,-4.221486287924133274e-01
-2.783735644415935018e-01,5.907102067823723601e+00,-1.096506724814518274e-01,-4.798228446573675754e-01
-2.783525215119309615e-01,5.938257128893666525e+00,-8.294050268401917392e-02,-4.788815958032792697e-01
-2.818451751795133520e-01,5.937580337773107786e+00,-8.230541316841467891e-02,-4.835751195153003557e-01
-2.821937645213010715e-01,5.937608923682201834e+00,-8.258133698109028364e-02,-4.840987664797802292e-01
-2.887522515847308346e-01,5.934689008021145185e+00,-8.589622169300824284e-02,-4.809192219035505755e-01
-2.535900259842190363e-01,5.940754915370069611e+00,-1.002697626357399036e-01,-4.905640740665865307e-01
-3.425454571219692657e-01,5.844738713069874692e+00,-9.370905776808595433e-02,-4.668053656715402400e-01
-3.420180058805568080e-01,5.866633866038085898e+00,-9.247382119878320983e-02,-4.665077435697327912e-01
-3.272953616899003659e-01,5.792449897805658665e+00,-7.419429682893510791e-02,-4.915212509753355552e-01
-3.271326379067804324e-01,5.792407696101939507e+00,-7.430335204868160348e-02,-4.917665263575224377e-01
-4.061722725694635883e-01,5.781350045409289429e+00,-7.450121160350037242e-02,-4.875641644728617163e-01
-4.322123144864433719e-01,5.780236169614179076e+00,-8.793408208083772215e-02,-4.794148188163255275e-01
-4.322678241430640833e-01,5.780234356071445312e+00,-8.810906743079678638e-02,-4.795796529788127205e-01
2.073540087455371106e-01,3.186972103486081842e+00,-1.046600054989020034e-01,-3.031423833038590088e-01
2.035270462675410341e-01,3.189334296064554763e+00,-1.091653667031178276e-01,-3.124796355792149316e-01
9.547799477271181612e-01,3.618429683494314819e+00,-1.240600047192045308e-01,-3.525951297484111180e-01
6.177008538893350442e-01,4.050098233005130943e+00,-1.189031224574205181e-02,-1.460989761251038632e-02
2.530530117275053836e-02,2.897660435335617457e+00,2.448006949249339481e-01,-2.817688757622879292e-01
-8.127562893913681252e-02,3.077448374201110504e+00,7.596023011398114755e-02,-4.579748301499519947e-01
-2.630491110158226231e-01,3.140269538588260190e+00,-3.447180705743445595e-01,2.475511991653737143e-01
-1.510712481433011400e-01,4.058273413187384548e+00,-1.613703197118910582e-01,2.658774580136613608e-01
1.664508026406078534e-01,4.113131468491515008e+00,-3.336362897825742024e-01,2.139620404213453675e-01
2.412709509654667461e-02,4.239748359020047097e+00,-2.899393754277516666e-01,-1.200095188754807252e-02
9.420020635013849619e-02,4.247038910606236506e+00,-1.762902145508629115e-01,1.276871726937747059e-02
6.597515402719570377e-01,4.216859205582778714e+00,-3.613398016452775696e-01,-3.980322318740855958e-01
5.171888724552702321e-01,3.262657421073184238e+00,2.956380451554962985e-02,8.746225354064812718e-02
6.461695571452421571e-01,2.919915316872337741e+00,8.930630254127862322e-02,1.048374541573291185e-01
-4.304071978671466514e-01,1.917468765205417203e+00,-3.502716946960272582e-01,-2.702495804221372033e-02
-3.941608400748891627e-01,1.948734225484843874e+00,-3.317646503819123294e-01,1.884221659995406750e-01
-4.008299203624556828e-01,1.958486094559745094e+00,-3.874527732314186346e-01,1.563348216052965201e-01
-6.920442032330331728e-02,1.556999461393570705e+00,-8.109174249364814457e-01,4.395849263341478075e-01
-4.133012129033557247e-02,1.544099989710659537e+00,-8.135268423695839468e-01,4.912044361636846435e-01
-3.231939287835490504e-02,1.534606080445492182e+00,-8.123114302792551200e-01,4.945412612823770759e-01
-1.292833927168683950e-01,1.487549856934796466e+00,-9.160701722500683708e-01,4.730480429517794905e-01
-1.359453848090477479e-01,1.488809196168129345e+00,-9.131338117177154601e-01,4.810790999364806253e-01
-1.374013635407124734e-01,1.488139258278011079e+00,-9.130881508135423319e-01,4.822064727172257204e-01
-1.233622493769785111e-01,1.443752629958048539e+00,-8.909318034271800357e-01,4.999997147289730326e-01
-2.074375412640409588e-01,1.499215558920513613e+00,-9.526888919844385128e-01,4.503751150479665122e-01
-2.065428879324786304e-01,1.500381185129549433e+00,-9.946805331560480967e-01,3.789554608239575351e-01
-2.091051448389832645e-01,1.504362057895083371e+00,-9.903260381309435534e-01,3.850630163598922073e-01
-4.977352448252286843e-01,1.600076510506496241e+00,-5.515560073001075647e-01,4.750209790691376499e-01
-4.184384553796746675e-01,2.343897672152552403e+00,2.852825924126963786e-01,2.822235759728635163e-01
-4.416148643759324477e-01,2.325687765062005585e+00,2.882175225574871713e-01,2.446139100951058576e-01
4.470397743417937608e-01,2.139888198807908370e+00,2.275429238561184064e-01,-2.417229101970318483e-01
5.941168518961846834e-01,2.132893122651474016e+00,2.017711365055822326e-01,-3.981619619936196397e-01
6.301367274361382442e-01,2.149597660518721476e+00,2.652472496454750250e-01,-2.791162118003061021e-01
5.251579470427415464e-01,2.049763896712729405e+00,3.291267320972972588e-01,-4.378216591439111349e-01
-2.896673557319533465e-01,2.276723007491447959e+00,8.622547825767030716e-01,1.432913747161153051e-01
-2.901142470648379046e-01,2.275825756831399982e+00,8.635013477962549810e-01,1.447169329931903281e-01
-2.885647008555346504e-01,2.248020110115300341e+00,8.955747952604984352e-01,1.596385242120573755e-01
-1.941020018192774477e-01,2.382780099535040108e+00,9.073274504142051500e-01,1.665671635915689230e-01
-1.535178976779965343e-01,2.142000642324747961e+00,8.593872063013867635e-01,-1.020981155741063073e-03
-5.491652181425417112e-01,2.782376658025973892e+00,4.278220871016058524e-02,1.269010142753585479e-01
-2.036860785230911741e-01,2.250097225394362077e+00,7.882325182170096811e-01,3.635086107684818435e-01
-1.861399671208879003e-01,2.261855553250480710e+00,8.078405408634738993e-01,3.621551927849235297e-01
-4.356202233639991928e-01,2.419637474015266854e+00,7.873748950470287333e-01,2.747515672817143484e-01
6.940926224731165384e-01,2.695306663795854263e+00,4.147497665140537082e-01,-3.771576942077142780e-01
5.180027949141645660e-01,2.599434458154038285e+00,1.657687919031068935e-01,-4.336753472375024510e-01
-1.107758466111723461e-01,-2.897496064321011477e+00,-7.082068303659597719e-01,1.592649774109353711e-01
-1.840489815054544009e-01,-3.014323863555220750e+00,-6.415910689764394714e-01,-7.257606476255643035e-02
-1.943625830368221619e-01,-3.024047807954578282e+00,-6.541889050435533148e-01,-9.430422468788503265e-02
-5.709378389494882411e-01,-2.935842557906373607e+00,-4.170269238235647657e-01,1.821442513141535158e-01
-6.435350366345462536e-01,-2.316785684441012627e+00,-4.796980082672898660e-01,4.417602525987464612e-01
-6.286777764607811569e-01,-2.284157955069990198e+00,-4.165695028592877880e-01,4.673423724988725048e-01
5.764934240593222459e-02,-2.242858250441564838e+00,-1.453632877871972595e-01,-1.687891281678692290e-01
-3.987711955709312139e-01,-2.294608823728681912e+00,-2.230070019564708572e-01,-2.511586125328144070e-02
-9.414969595009153869e-02,-2.829367577719663629e+00,-5.172352868951627380e-01,-3.396313193317099799e-01
-4.879888147229342055e-01,-3.233464330687321642e+00,-2.182466254228180302e-01,1.513535310431797787e-01
-4.538086648990419247e-01,-3.251776687976247526e+00,-3.631982863079953883e-01,1.720652744771905551e-01
-4.503659570532029255e-01,-3.259533688196607937e+00,-3.563189351807231064e-01,1.750463903653983466e-01
-4.874173655431506269e-01,-3.241032224429205577e+00,1.577505744604620341e-01,2.713386311966192732e-01
-5.103416943940736195e-01,-3.218536433518135453e+00,1.691062156535385885e-01,3.141434755677682822e-01
-2.037564168771702766e-01,-2.235013490598962704e+00,-9.467556761003570465e-01,3.687562557602782620e-01
2.011693977603372652e-01,-2.112565865893170525e+00,-9.515768334372027848e-01,-7.215584907112060353e-02
1.993130145452278179e-01,-1.980625973665164796e+00,-8.913039000847247095e-01,-1.254195504432512320e-01
1.084100700591529853e-01,-2.037214320967728476e+00,-8.818887473518727260e-01,-7.084670035856506509e-02
2.549675051335182907e-01,-1.972529587361937509e+00,-8.778436777930930246e-01,-7.612095254526636545e-02
2.463211583372893199e-01,-1.981992633075088550e+00,-8.745287282131172235e-01,-8.883425577039863463e-02
3.652342487851648611e-01,-2.215640796694199999e+00,-9.653942457718153181e-01,-1.775839659113851998e-01
5.420130346804588051e-01,-2.400270110047520777e+00,-7.302391181024638911e-01,-4.118894972717839220e-01
-3.411785036616580280e-01,-2.772685357589111277e+00,-1.994851861253638114e-01,-3.991698774250925785e-01
-1.477433072141110526e-01,-2.574890370275002560e+00,2.179968603721270659e-01,-3.399085579714711258e-02
1.018712373513441571e+00,-2.064745294202863235e+00,-3.664155976982259588e-01,-4.867388385186608990e-01
1.018097096419502634e+00,-2.060927014302738058e+00,-3.624375560250402972e-01,-4.944901078824782137e-01
7.431761341834832724e-01,-2.238064255499915500e+00,-5.214647897292832290e-01,-4.473199732966694486e-01
6.716428108865508673e-01,-2.247655567044584135e+00,-5.469822840567524214e-01,-4.836333716221972723e-01
1.074027891569604432e-01,-1.985898466707515464e+00,-3.202620570711335324e-01,-4.128615037842666702e-01
8.725442200347691135e-02,-1.970664529169944279e+00,-2.859819877615986106e-01,-4.211336117894269870e-01
9.108492851541802326e-02,-1.967144670186997679e+00,-2.859099990994575791e-01,-4.318593278918382294e-01
4.011378779311315368e-01,-1.725265605076094833e+00,-4.640616232085930104e-01,9.434844930988117717e-03
8.611280488829695656e-01,-1.643363864441501621e+00,-9.484459429052632951e-02,3.944098273445285907e-02
8.657705663272187158e-01,-1.508920287513202174e+00,-7.171334250221235440e-02,-5.560966027672978318e-02
9.335476580360150267e-01,-1.312568403278151496e+00,-4.717678685432797892e-01,-4.260260537590478958e-01
1.053175523942667891e+00,-1.286191172957065865e+00,-4.620752406013157176e-01,-4.467621709965800547e-01
1.231994544138369951e+00,-1.414217908755514008e+00,-6.645098219057746780e-01,-3.599634763784967939e-01
1.367420940291654619e+00,-1.567250894590588750e+00,-9.560606010334995464e-01,-2.607030065851235756e-01
9.712550655698770630e-01,-2.014609219996665868e+00,1.620502503016017504e-01,-4.257214678773523220e-01
5.232590275048546458e-01,-2.922070629860102020e+00,-4.606738194299999090e-01,-3.952804041660483714e-01
3.619954996252816581e-02,-3.156779924820524830e+00,-7.622449211540549552e-01,1.891009330631459040e-01
-2.632664618521146638e-01,-3.212106521272067194e+00,-7.360417984897759114e-01,4.527256586733173216e-01
-4.502811960096654853e-01,-3.309564664541395640e+00,-8.211938266701603872e-01,3.327270566800102913e-01
-4.613662213862297912e-01,-3.287043369745997978e+00,-8.200206513203155412e-01,3.239269928304589485e-01
-5.685865186056063836e-01,-3.274150352555442733e+00,-6.115790882282267082e-01,4.307392210080832062e-01
-1.475037728344590904e-01,-4.069139997407447140e+00,-3.787754363940702973e-01,-3.939866182162370944e-01
-1.490226148026078112e-01,-4.074813296891315773e+00,-3.467489682387662198e-01,-4.133675353986989709e-01
-5.727327063182013900e-02,-4.004622910709463746e+00,-3.201728581229690840e-01,-4.252702475349086630e-01
1.419493808405946078e-01,-3.687386708548669123e+00,-2.297061245520964912e-02,-2.820026839594476087e-01
2.303594619965265156e-01,-3.657933497156191649e+00,2.866151727867454757e-01,-2.859898149859718686e-01
2.425774608669171162e-01,-3.584197124015018776e+00,4.686608790655644174e-01,3.773127729000735897e-02
2.683708549706338986e-01,-3.448817152103450745e+00,4.274827634639362106e-01,-2.197093087762778257e-02
5.118854402031687290e-01,-2.468530048100987528e+00,2.314336919062933151e-01,1.955798202250221829e-01
5.424997392982421340e-01,-2.483581855940952821e+00,2.283290474906722045e-01,1.915318824823111499e-01
5.604568404893582878e-01,-2.502551056944790187e+00,2.408814618262862528e-01,1.947218670539913599e-01
4.674716899535102943e-01,-2.758215342945230297e+00,-5.958654074148889146e-01,-2.186572067903247429e-01
9.866479665735110594e-01,-3.349900648986912977e+00,-9.152312226137585549e-01,4.162879714205452997e-03
1.170397495443982194e+00,-2.855006987550655406e+00,-7.087679254404324336e-01,-4.937774685302704913e-01
1.170670586741432206e+00,-2.855580274981083910e+00,-7.087847275356171650e-01,-4.961177099560830084e-01
1.172578661329273464e+00,-2.857950075005503798e+00,-7.156377614745048632e-01,-4.955877384313088219e-01
1.173000879287693587e+00,-2.847892462309820516e+00,-7.152966293985563162e-01,-4.995979118412681719e-01
-3.524425760164147103e-01,-2.081064419651152964e+00,8.090850444759409843e-01,3.723086041121721479e-01
-5.856352112347884553e-01,-2.684163313876681833e+00,9.172952676024962448e-01,1.054829298328996412e-01
-1.019507859460078159e-02,-2.644392985027838705e+00,9.889211135482068871e-01,-2.290621499998051203e-01
1.419741247896707734e-02,-2.548973669005769160e+00,9.959783513279411027e-01,-2.228596368132343963e-01
1.520574759362565247e-02,-2.548883013915117068e+00,9.971900380055738200e-01,-2.222557070998959494e-01
1.369644680635628484e-02,-2.548832964002374357e+00,9.985273062498792873e-01,-2.226509550309876684e-01
1.096273957265977983e-02,-2.552046327317289087e+00,9.995035115215384902e-01,-2.216823703388437206e-01
-6.869854471136015162e-02,-2.666974541620634298e+00,8.102004743766410000e-01,-3.261467965246208633e-01
-8.816481206518900215e-02,-2.587030482771127904e+00,8.276141172115568656e-01,-2.976298152300307365e-01
-4.058463622651015817e-02,-2.638953698154056671e+00,8.577874781896551726e-01,-3.465316883877277987e-01
-1.236551042251292920e-01,-2.342013221017806845e+00,5.564566076820329776e-01,-4.903451197808431639e-01
-1.240528544987049842e-01,-2.403761337782699403e+00,5.241694800401676124e-01,-3.493399476444926099e-01
-1.259769063652799170e-03,-2.343988524624155634e+00,3.913660760925005699e-01,-4.651704291257687807e-01
-2.356905717393487781e-03,-2.373584214178320106e+00,4.419563127951100512e-01,-4.878272863641355261e-01
4.073911194180843652e-03,-2.372633642444166746e+00,4.400970223568467232e-01,-4.894745850057946601e-01
-7.484484034379126731e-03,-2.371392690568915107e+00,4.299811465144972034e-01,-4.965114790866229089e-01
-5.533381296782855507e-01,-3.108361092090013766e+00,2.634677466106108978e-01,3.387100295417050377e-02
-7.773028541341955311e-01,-2.995483397589576935e+00,1.877996454345534083e-01,-1.138146693467229353e-01
-6.808430204760834714e-01,-2.965091260524455485e+00,3.073936117104559274e-01,-7.571840089345509284e-02
-7.912919741998132306e-01,-2.929590637305984568e+00,2.024273763467732135e-01,-1.458995371085276549e-01
-6.825449375224770243e-01,-2.958102241186058023e+00,1.446184649007016820e-01,-2.196284837990328254e-01
-8.145142880621495385e-01,-2.844516584763089995e+00,4.615012705188870079e-01,-1.205806008690567116e-01
-8.779918301798882441e-01,-2.846054900637176477e+00,3.705511166916550803e-01,-1.492176705477903653e-01
-5.232422933540956667e-01,-2.845535869825752684e+00,3.406784238056194125e-01,-1.982281787897953174e-01
-6.681879105740978764e-01,-2.857791158434088263e+00,4.243926943183869982e-01,-2.354503731035301195e-02
-1.000371174563722487e+00,-3.674048871072869371e+00,2.723931373692724534e-01,3.480830940684105923e-01
-1.001740013932556961e+00,-3.621889971357489024e+00,1.891043828155050677e-01,4.089658932998098129e-01
-1.784268852450418885e+00,-4.037082452031042656e+00,7.548609171330726841e-01,4.780577501098354776e-01
-7.424130097925536464e-01,-3.353018280007468377e+00,-2.115125643250425069e-01,2.247665028244998642e-01
-7.009262968147479400e-01,-3.543607358369866400e+00,-2.003116710913012688e-01,3.395887649180270307e-01
-4.624085015378877062e-01,-2.477269212339690441e+00,7.785173217592920025e-01,-1.934189004628555919e-01
-1.314456556558880607e-01,-2.121360749712868365e+00,3.074372511660125040e-01,-4.691917242247010122e-01
-1.256226224627869648e-01,-2.105964503547924860e+00,3.118976095566161066e-01,-4.810328928484539079e-01
-1.133282764242492247e-01,-2.136230899262055782e+00,3.035827824212148918e-01,-4.429553963222719881e-01
-1.120730140464762520e-01,-2.132470701899264132e+00,3.029936956480842603e-01,-4.448026835883895358e-01
2.831190769209520619e-01,-1.977081774149019422e+00,5.117054977348167721e-02,-2.535946742240650642e-01
3.065303575508669942e-01,-1.413285283625691058e+00,3.269259734688634844e-01,2.381486416127933659e-01
3.775327950781798281e-01,-1.354240376532562795e+00,3.749319912720522341e-01,2.141329948669144778e-01
-1.258099510866816928e+00,-1.881412305603796575e+00,6.862097915881133492e-01,3.276807192050740780e-01
-9.031924167290226180e-01,-2.452493819164746292e+00,6.264742230251540978e-01,-3.181846807012178591e-01
2.690657575057199269e-01,-2.546023427892432967e+00,1.962497724800033039e-01,-4.679470584851340154e-01
1.478636557993768252e-01,-2.171709458914131030e+00,4.711438455393239244e-01,2.540539587094575724e-02
-1.864964259102123156e-01,-1.533036221751776562e+00,6.449848507954535348e-01,-3.619183295347874196e-01
-6.053531364559106009e-02,-1.535731427987041098e+00,6.974071094153159178e-01,-1.068863382484613878e-01
-3.946691653305721137e-01,-1.573134925677960316e+00,9.632428267045387571e-01,-3.482956362134723705e-01
-4.066626553351503914e-01,-1.629099027385861209e+00,9.948398469354141627e-01,-3.549807158091468073e-01
-5.916371995813414220e-01,-1.558727450916645774e+00,8.114353916421992441e-01,-3.833118978795639897e-01
-5.250664025830321657e-01,-5.508322227108040092e-01,7.646858402360345863e-01,-9.121359162722608716e-02
-1.879444224924957108e-01,-5.611744439765281589e-01,5.629882980226716960e-01,-2.038670415131197955e-01
-1.286228821743779505e-01,-6.014141041426920298e-01,4.448493482572408175e-01,-1.642594620159246732e-01
-1.506022127636533758e+00,-1.223347362562494212e+00,9.404351668428669875e-01,4.381986522823526631e-01
-6.025048040457681164e-01,-6.197685709012017430e-01,2.011197524941438219e-01,-2.108587759880002910e-01
-8.181101034879580958e-01,-5.401037824595489312e-01,1.740806477190616763e-01,-2.236796321700837420e-01
-8.422931412139311735e-01,-5.461662687197076371e-01,1.788752670946553991e-01,-2.269308071235205670e-01
7.298514450488613470e-02,-9.081158436885217178e-01,5.061666446644991213e-01,-2.611568546688498582e-01
2.960925147979939220e-01,-9.995406906604692443e-01,-5.463901798660776299e-01,-1.064024969779226171e-01
1.970778565510162839e-01,-9.930198242912965378e-01,-7.202074159654126007e-01,-2.134992073674862878e-01
5.091930563934987664e-02,-8.512521582814350785e-01,-9.947214642796073925e-01,5.956233838471136632e-02
5.036067742528933522e-01,-1.276515223000050714e+00,-6.933168428712980225e-01,1.539711908293277254e-01
5.615974218263934947e-01,-1.707515472613970520e+00,-5.344772222714824217e-01,1.878698076704113373e-02
9.068994457859520519e-01,-1.573235708692226620e+00,-4.284377468951523493e-01,2.819118493326436617e-02
8.954856483505736486e-01,-1.722035381861440451e+00,1.350126070579761861e-01,-4.209960258879809070e-01
9.809577539074605390e-01,-1.700106419303017757e+00,1.667498513990274545e-01,-4.763591948967736966e-01
-8.215848646968082480e-01,-2.423125649290888362e+00,8.787853669095817555e-01,-3.126344008734726621e-01
-8.621740411943116245e-01,-2.590451781285108002e+00,7.924714335005302868e-01,-1.042373743118631402e-01
-9.340401678411145436e-01,-2.599063446256374643e+00,6.500532636086311378e-01,-4.163949047586759100e-01
7.703461868087035924e-02,-4.150575862335507793e+00,2.465475283934648321e-01,-4.156778639245128359e-01
7.007393614197424125e-02,-4.155472994042244572e+00,2.619077672876460872e-01,-4.295048764970825217e-01
2.128098862041609141e-01,-4.133331119896876515e+00,2.666107652194336652e-01,-3.363864213903756673e-01
2.370722933570613422e-01,-4.061189876361722462e+00,2.709641842140375623e-01,-2.070437426475313925e-01
-8.891375350122595611e-01,-3.880055908043664736e+00,9.564970521518234570e-02,2.743391567417139965e-01
-1.918939649724471508e-01,-9.937132862618147655e-02,-1.597978284631407231e-01,2.690165154259210878e-01
-1.123208548695675102e+00,1.516295914563947189e+00,2.734318535365240499e-02,4.104585339223032481e-01
-7.689120170819284672e-01,1.724833545174518257e+00,9.303656316670099180e-01,4.623916351719738471e-01
-7.189600052823615917e-01,1.659624689704011224e+00,8.881309540334392238e-01,4.756797203509368632e-01
-7.805500621480010448e-01,1.646885103296169772e+00,7.121330806340454567e-01,4.927986556070572122e-01
-9.507210548395719218e-01,1.645223303060446840e+00,9.193169119383517440e-01,4.916280611407441437e-01
-9.675719522190010524e-01,1.642006993074118126e+00,9.912570832556659717e-01,4.779809027209841465e-01
-7.155626724267989403e-01,1.889511581626228676e+00,5.109962374038197197e-01,7.747312800311717540e-02
-7.238485920572068633e-01,1.918563769173500688e+00,5.537392921712044336e-01,1.902684771456029655e-01
-8.738503098905283650e-01,1.941273421237625474e+00,6.459022043974836924e-01,1.541007186369262039e-01
-9.199612520963019735e-01,1.151456965294324064e+00,5.902264801289804907e-01,2.689142234126368214e-01
-8.505065866051183532e-01,1.291494962660467705e+00,6.455319944475154115e-01,6.509690496340916899e-02
-8.500153572451143447e-01,1.284446596041817434e+00,6.505441595808705291e-01,6.160155774708805931e-02
-8.910701957970120768e-01,1.307987220367587522e+00,5.180158359549102975e-01,-1.497619170818759726e-01
-9.204299324249807235e-01,1.344302174547355566e+00,6.812981847794339352e-01,-1.321402448858816636e-01
-8.860739234560598421e-01,1.461743736568536622e+00,6.745694532009095523e-01,-1.423210051220476224e-02
-9.613381773556340937e-01,1.454013830402896001e+00,5.619418250741403664e-01,2.013357059226922874e-01
-1.142111092172603870e+00,2.358457654131781212e+00,8.928639285560184824e-01,-2.966150297589384977e-01
-1.180013161778168618e+00,2.301139098758955726e+00,9.428716634012661579e-01,-2.809787835457297489e-01
-1.069593032129624088e+00,2.042230298506162001e+00,7.468730102185876518e-01,-9.280564291685111655e-03
-1.122096184432547883e+00,2.115475167920910060e+00,8.812896442337250225e-01,-3.867084600888445051e-02
-1.197012398357666818e+00,2.031773238081016064e+00,7.438651912849969516e-01,4.048193568059320069e-01
-1.263702742933828116e+00,2.023168771608605976e+00,6.610300883342389300e-01,4.727989227226307989e-01
-1.236848520531715900e+00,1.754480509323745663e+00,8.336976041413343141e-01,3.040900955761066671e-01
-9.945959260093326648e-01,1.696752664618145667e+00,7.352704469698781997e-01,-3.392322722457480344e-01
-9.281704965656240036e-01,1.683768215267150481e+00,7.730015826907452592e-01,-3.314871530410186118e-01
-7.373649810062332666e-01,2.149247824187191735e+00,8.874176787921078668e-01,-2.283597956863880896e-01
-9.525312627291628864e-01,2.065032532012785360e+00,8.586106014438479317e-01,-4.634249551146882862e-01
-9.805676122440166731e-01,2.043873482855291801e+00,8.214177380360530023e-01,-4.985832617275750001e-01
-9.839578746293028422e-01,2.039898534296106014e+00,8.413294771961973284e-01,-4.545253734713073923e-01
-9.801461921259960741e-01,1.990318601774951679e+00,8.353566220107013773e-01,-4.689789652213390281e-01
-9.786490901195880054e-01,1.989390142794573935e+00,8.351197029821635365e-01,-4.698252311005832738e-01
-9.977065609434794258e-01,1.977290230455079900e+00,8.204037543880458028e-01,-4.869474875023040994e-01
-9.902326133166000632e-01,1.975887744906611898e+00,8.232507555610462102e-01,-4.942595482603703294e-01
-9.457466549453314997e-01,1.239758891748430125e+00,6.421650753407779355e-01,2.711438579641774482e-01
-1.085201214977429052e+00,1.080827988753666258e+00,6.184101636043917161e-01,1.245488204053037673e-01
-1.052879311246239347e+00,1.130100240302674308e+00,3.446257518844262346e-01,1.201351631009933973e-01
-1.027356362523161870e+00,1.083994229089232597e+00,5.289262141457576893e-01,1.031909764727109297e-01
-9.647972483055661241e-01,9.629166713641099662e-01,4.824720873854176917e-01,-2.295399359997827293e-01
-8.144626422353606898e-01,1.276860584206551241e+00,9.313196946818875777e-01,-2.016975256833874186e-01
-8.872606996412403246e-01,1.227989412529328916e+00,9.400469515579249480e-01,-3.213084233045555571e-01
-1.027290974171174653e+00,1.075877667241336377e+00,5.012920943245069427e-02,4.552532073488227971e-01
-9.802590655787364327e-01,7.371801003003084496e-01,4.079243854301142225e-01,4.888139905898258863e-03
-1.011888259632344411e+00,7.561954831100561325e-01,3.886819172208964002e-01,-4.303816333484576651e-02
-1.947142737257034906e-01,1.060811565405457735e+00,-8.987915324664315087e-01,1.644120682763712815e-01
-2.313146182980282961e-01,1.099251495260045175e+00,-8.833140048574005254e-01,1.589487015213735255e-01
-1.827835935702540604e-01,1.078697276538685967e+00,-8.998725827232244567e-01,1.576616296482372392e-01
-1.548255413937597302e-01,1.060523729998697151e+00,-8.814905924045041141e-01,1.607327744526275970e-01
-1.587479597091115135e-01,1.088959811956628609e+00,-9.082754880480129467e-01,1.384145085594040425e-01
-1.774579759828653625e-01,1.068466203719082852e+00,-9.446918531701925525e-01,1.243388132161652310e-01
-1.776556700220385532e-01,1.068295195741036263e+00,-9.446923503921836884e-01,1.241764224179356668e-01
-1.768321713871713052e-01,1.064313938412768223e+00,-9.475814403979953005e-01,1.246777033623972242e-01
-1.723390751479838834e-01,1.064337746638757576e+00,-9.495760548003611135e-01,1.242399384618004116e-01
-1.710585572400454002e-01,1.070752818667215278e+00,-9.509345686156956967e-01,1.228727274581857404e-01
-1.691961837961297455e-01,1.071589620615027050e+00,-9.529185099837111927e-01,1.263309219525320382e-01
-1.715176546181087225e-01,1.071224840289283220e+00,-9.530964610001294579e-01,1.250817142399338333e-01
-1.715744166069109455e-01,1.071156983187944389e+00,-9.531204246656415080e-01,1.250486097072985858e-01
-1.716815640505273410e-01,1.071130931187452839e+00,-9.531755191519379888e-01,1.250569423551754211e-01
3.041960246526923539e-01,1.122007550484132921e+00,-9.324382591106943341e-01,4.085772151858079182e-01
5.142818798473756114e-01,9.463817401092533554e-01,-9.813137709654545793e-01,4.351515845100112356e-01
4.295174331584477034e-01,9.621778238073815936e-01,-9.993746386734574383e-01,4.611745595649313079e-01
4.264129896440791989e-01,9.348061280636368320e-01,-9.591083678324466844e-01,4.678936523659008584e-01
4.379793681596296784e-01,9.419469085985084922e-01,-9.649516558598536520e-01,4.961848224573562338e-01
4.580678866132381621e-01,9.264464901932175644e-01,-9.753961911801232176e-01,4.953502597466186708e-01
4.580732683289666096e-01,9.264164981027399604e-01,-9.753884140171200645e-01,4.953717124101173486e-01
5.175013364487205392e-01,1.008808709635819145e+00,-9.943697185196171962e-01,4.732260065386201808e-01
5.225283091482343378e-01,1.015710282706453915e+00,-9.959816137646797518e-01,4.711920751872943902e-01
5.152935117989657643e-01,1.020284998435110779e+00,-9.945014402697278655e-01,4.820336618065370060e-01
5.137784371639266823e-01,1.015508532254778773e+00,-9.988195615080718293e-01,4.470142339031422662e-01
5.169573181296506226e-01,9.989379447343735841e-01,-9.953759116783704730e-01,4.624401079097170131e-01
5.847018834314866575e-01,1.036045949545822964e+00,-9.894048661384833299e-01,4.746234852549160443e-01
5.716130973152142580e-01,1.201054631947258144e+00,-9.359304869002718075e-01,1.301742262092988045e-01
2.768861745523150675e-01,9.862078004975602941e-01,-4.945851419839497054e-01,3.220705649316558672e-01
-2.117369877452701665e-02,1.410190987132375451e+00,-5.938297871762974189e-01,-3.517492952300343978e-02
-1.079790832828090297e-01,1.472145527210283467e+00,-5.014437728895240198e-01,2.226623433973299315e-01
2.495577850512800677e-02,1.496035777272818335e+00,-3.404441178650230992e-01,3.683699308583635590e-01
-1.021122273336504183e+00,4.973575757333240865e+00,-2.627391859221241965e-01,3.242555431133368193e-01
1.407245930570089065e-02,5.362718048519982794e+00,-4.720597363980852945e-01,1.725046357729087543e-02
7.794199109602899592e-03,5.364352743877682350e+00,-4.939935158653210867e-01,1.697639590297822867e-02
-1.423795743384617396e-01,5.341784041070921418e+00,-6.045563464547818455e-01,3.469081758507787383e-02
-5.201997808208042029e-01,4.427805880516561210e+00,4.177105023995841826e-01,-3.653919737210392094e-01
-5.570186983034581818e-01,4.440289724318443376e+00,5.025266935795986711e-01,-3.260216138870670188e-01
-5.446267540931624129e-01,4.456319000099438377e+00,5.333156335642016410e-01,-3.464259492106889771e-01
-3.811451720143989030e-01,4.643335560317209065e+00,9.663433397892371435e-01,-2.466991559951557111e-01
-5.732905603122602223e-01,4.318257764861145098e+00,5.848832535775539965e-01,-9.057886412599927550e-02
-6.841511536381215119e-01,2.700177526853474674e+00,9.841791658231449080e-01,-1.360350929288547672e-01
-9.660155730072790270e-01,2.317579286650326864e+00,8.607158399019196882e-01,-1.567449635853718770e-01
-7.800100656552204637e-01,2.166530833980335302e+00,5.676666623712101067e-01,-1.294192780141953658e-01
-2.293462879788368269e-01,1.996702625955745436e+00,-2.445009540668238168e-01,-3.779370757615649890e-01
-2.390817645246299528e-01,1.998555401957341049e+00,-2.509760940932529993e-01,-3.778981065079635160e-01
-2.482921576103147010e-01,1.883915273705928817e+00,-4.699419803963028608e-02,-3.989536553766493965e-01
-3.899566641892462382e-01,1.231435783500348435e+00,9.427368266206710423e-01,-4.461893650388674137e-01
-3.356287149930639591e-01,1.246290611941917481e+00,9.816703813888170149e-01,-4.658347571017389388e-01
-3.328351464238666346e-01,1.244012972941140660e+00,9.837589830424349202e-01,-4.637799015693251370e-01
-3.416225428804822162e-01,1.249231425650827010e+00,9.776433874118141132e-01,-4.792699523618533797e-01
-3.335427941322631207e-01,1.247863403437757368e+00,9.817470954360655311e-01,-4.755054840224661739e-01
-3.723274748929135125e-01,1.240491894237230719e+00,9.624652745115305219e-01,-4.871569893012854258e-01
6.149370889362082426e-01,1.634927637466873307e+00,7.409071941458894583e-01,-4.936112065739624577e-01
6.246376072948187641e-01,1.650703064490214311e+00,7.124201805211028971e-01,-4.990685669960211457e-01
6.143208273681526332e-01,1.638497633985420032e+00,7.062247907060114072e-01,-4.582537221984656628e-01
6.048127940977081618e-01,1.658634816881809915e+00,7.041692128673064932e-01,-4.612520251367837054e-01
6.030720419989608061e-01,1.664036582477475656e+00,7.092142038578967966e-01,-4.532178743721717029e-01
5.292028220591938892e-01,1.694650962336173849e+00,8.769628022069504425e-01,-4.743639569460413874e-01
5.148849907542784043e-01,1.678511567979628971e+00,9.038707747918383051e-01,-4.778115857696996205e-01
5.285085053957860879e-01,1.638466874990918809e+00,9.007862848675817213e-01,-4.727333286721807082e-01
4.615861276008253467e-01,1.648235273916290433e+00,8.908858768450635957e-01,-3.754124957858203659e-01
5.914274462196590365e-01,1.717067117058005410e+00,8.304638217245193799e-01,-4.823984825045324332e-01
3.081588547060784555e-01,1.811034142348065590e+00,9.057454235908189988e-01,-3.261922087171061913e-01
-3.058765660166010147e-01,1.626509212898764822e+00,8.760203475087603442e-01,-4.654915560932172403e-01
-3.323324236073366689e-01,1.922556807711414573e+00,7.030805728593421122e-01,-2.907511896265303486e-01
-4.616130552056173508e-01,1.918807786568902385e+00,7.201927744117916363e-01,-3.953544669688219271e-01
-5.837101307018117691e-01,1.426981094488068313e+00,9.216630871007787107e-01,-3.952478589310797763e-01
-6.197567039121520960e-01,1.526465287537155602e+00,9.880393651738771377e-01,-3.052343252370932070e-01
-6.248839129718776197e-01,1.524819105108828454e+00,9.923985138822821739e-01,-3.043725052753532556e-01
-6.157725781801138831e-01,1.528090729421988980e+00,9.908155327126075829e-01,-3.120042500473520497e-01
-9.025369985098986580e-01,8.387048202387057394e-01,8.903122216994892035e-01,-1.516695617476120916e-01
-9.513480394724515010e-01,1.041202396703522881e+00,9.299572308234689277e-01,-2.685609454815610087e-02
-9.165766834513053851e-01,1.067139498074211934e+00,9.503899667479449587e-01,-1.053464011933960207e-02
-9.205297058574227753e-01,1.057027382061388909e+00,9.548463107622549018e-01,-1.117421374393082201e-02
-1.340168646948473041e-01,1.041602932089147782e+00,5.126996212585612778e-01,-4.176205173713075647e-01
-7.846831143386670537e-02,1.067939052496256869e+00,4.968762548061883555e-01,-4.522288646187535011e-01
-1.147255913110435399e+00,9.693331928958136556e-01,7.332454025464556491e-01,1.112127703071191243e-01
-9.599702602009072550e-01,2.235252463543928148e+00,5.218004653103774926e-01,4.633671358412568830e-01
-8.649832106292303369e-01,2.129698153128263716e+00,4.389135575431268310e-01,4.777431013990863784e-01
-4.352152883636113412e-01,2.854754494439966983e+00,1.067442196652471087e-01,3.194734169573405502e-01
-3.976021761762399409e-01,3.001029928848502504e+00,-5.077092710529823583e-02,2.735896066216174094e-01
-2.750988965902054217e-01,3.316565163903571367e+00,-5.505821592213848703e-01,1.320631372952645322e-01
-3.742236628204401172e-01,3.303814231271453572e+00,-5.903725705991678119e-01,1.433050132383331121e-01
-3.907502886157133148e-01,3.313422846187775495e+00,-6.151758753948121106e-01,6.670036577288659951e-02
-3.969479689045161686e-01,3.318354943099650622e+00,-6.152820469947304360e-01,6.753453180373875098e-02
-2.577839769135056303e-01,3.284810545990079156e+00,-3.786219028553721166e-01,-7.301341422552728999e-02
-3.464290813374648614e-01,3.247400047111979049e+00,-3.845882304687354702e-01,-1.413343402316739605e-01
-3.553294218086820444e-01,3.246548079191927894e+00,-3.952454894474319302e-01,-1.678393378510206480e-01
2.009973852013773876e-01,3.892915237208882662e+00,-4.207864295741625682e-02,3.430992255940105151e-01
1.310856745783341715e-01,4.006102159009516939e+00,2.117829138728323790e-01,1.965668077078536746e-01
1.305410140070548120e-01,4.003442926843741922e+00,1.788829113827653805e-01,1.396486550734065968e-01
9.028362113039122006e-02,3.988887798694542575e+00,1.318311840036158200e-01,2.725985823329486468e-01
1.754420380844309846e-02,4.042919325411518550e+00,5.157267991661518280e-02,3.973548677331539825e-01
1.137237580660867622e-02,4.102723282018603257e+00,2.096480554003285132e-02,2.575888057091389460e-01
-1.794194283522721756e-01,4.147242019019692805e+00,-2.963115822990449733e-01,5.068711072623763303e-02
-3.808379969831449108e-01,3.991946415783275359e+00,4.383803331964419847e-02,1.498991152924665227e-01
-3.464785351179462403e-01,3.919705274136006334e+00,-8.883073473581387658e-03,-7.544805160224302143e-02
-1.579098931942282680e-01,3.690794601122366903e+00,3.617324759877638823e-02,-3.704673811094941760e-01
-2.581797610887243688e-01,3.705368713093486033e+00,4.533344642327334639e-02,-4.290914249171496886e-01
-2.939185665177270201e-01,3.796429427098037213e+00,-3.163086473262234355e-01,-2.676465811691747243e-01
-1.348145642109919995e-01,3.929767190500422558e+00,-2.897064317262320610e-01,1.943898775584631533e-01
-5.909200630133706889e-02,3.933078923255763915e+00,-2.628682135202642933e-01,1.651028778760181281e-01
-5.617198806593649563e-01,4.012226289137146296e+00,-1.931760299878845233e-01,4.251966776745689236e-01
-1.285286843511884713e-01,4.236972527030490099e+00,-3.014470854456898219e-01,4.359056818917487752e-01
-2.334095763943426494e-01,4.340452672804250511e+00,-5.633522695035051431e-01,4.754929151831464584e-01
-2.420139009170210465e-01,4.337693775699708709e+00,-5.725950353762474521e-01,4.964324855178288698e-01
-2.419812684242070022e-01,4.338287554435484417e+00,-5.731277017341331881e-01,4.968503302223941653e-01
-2.918765177736534211e-01,4.347246139997601233e+00,-5.657374828091841223e-01,4.967685043863276362e-01
-2.991275431855605627e-01,4.354909578954226923e+00,-5.658993780313200661e-01,4.981825065453606149e-01
-2.987985497391289491e-01,4.354803385257766557e+00,-5.660500838810120783e-01,4.987419329652283961e-01
-3.887228282417699021e-01,4.379442434999121225e+00,-7.100917296730667738e-01,2.962531340545239700e-01
-4.376513956661862159e-01,4.351201222173618710e+00,-6.973861709311076629e-01,1.862685348802335938e-01
-4.401928268303944569e-01,4.350226487038518108e+00,-6.997164823416813784e-01,1.874386427003234823e-01
-4.425744183231102857e-01,4.350194268175791024e+00,-7.009937935739529724e-01,1.881602125631079425e-01
-4.498746374755785427e-01,4.348138478600563239e+00,-7.055907781573091953e-01,1.837086929078334541e-01
-8.577489038329377813e-02,4.483553933034100325e+00,-1.851317448634076657e-01,1.920037542878251513e-01
-1.666976747638501677e-02,4.494741311971069742e+00,-2.858835971892035310e-01,2.320391878888152792e-01
-1.205538279686501901e-01,4.576190980459460711e+00,-4.356559913449572496e-01,2.887036275045617439e-01
-1.443281475993750118e-01,4.237005453661346621e+00,9.894427474361255914e-02,-2.201777987827414074e-01
-1.561229682119418816e-01,4.297395348883869204e+00,1.696277076029218400e-01,-3.953124917946918560e-01
-3.033162120373094073e-01,4.100684431822850584e+00,7.197937436224956242e-02,-2.267103981336540675e-01
-5.494353654040764479e-01,3.965053784397817527e+00,-1.011592611826166027e-01,2.925896234263519746e-02
-1.890414730412845468e-01,3.451339921034424663e+00,3.775781916233629798e-01,1.199233155151159941e-01
-5.446278216307355313e-01,3.374882963447850770e+00,2.045444736684604303e-01,7.633967553227705150e-02
3.616074660471160218e-01,3.817593032979158529e+00,-2.658688736507985872e-03,-2.349637991795327507e-01
8.855033936162515218e-01,3.724499467626862348e+00,-3.532006317381975458e-01,-7.487327328859857967e-02
8.743416871929367007e-01,3.785427085555264082e+00,-4.681888701134923059e-01,-7.527752665672675370e-02
4.795819532343593150e-01,3.460162423104186313e+00,6.042936603939430551e-02,9.616049950365036791e-02
5.969895037387410452e-01,3.333440380595984909e+00,1.356351329934730177e-01,1.205598285525255886e-01
6.336190464468791639e-01,3.298854874289030015e+00,1.358479160276041819e-01,1.265613521599676661e-01
6.789191710367306065e-01,3.996223696695210936e+00,-5.396376181047983778e-01,1.704460144523237686e-01
5.822862934668894264e-01,4.091804012404746338e+00,-2.754616908290569155e-01,2.352126975676994414e-01
7.685426394128888061e-01,3.983561867408347723e+00,-3.482499327676094603e-01,3.334349711490389168e-01
8.570547970970343599e-01,3.630812740759780333e+00,-6.044215460581312538e-01,3.815963622516986842e-01
9.043759313759990315e-01,3.447640450287352554e+00,-6.716564509143903017e-01,-3.083652797614747643e-01
8.951402088120422595e-01,3.420318420348770871e+00,-6.917012448995774054e-01,-3.617367124601932882e-01
9.015896995000726166e-01,3.348851413966014601e+00,-4.407550217860721764e-01,-2.638112533565979967e-01
9.033691413648025081e-01,4.078594709153006370e+00,-4.506053168002404075e-01,-4.296899946108370116e-01
9.021036483107243154e-01,4.079127202304992039e+00,-4.508261041697942950e-01,-4.293223256452382564e-01
6.165963190699565999e-01,4.033542380337367561e+00,-4.501301822209033965e-01,-4.533174122243202042e-01
6.027898775356406169e-01,3.776862712646020803e+00,-6.610980789848750483e-01,-2.627848509526042875e-01
2.724919532056449545e-01,3.863432603573375257e+00,-2.642140256406089183e-02,-4.010707846463570370e-01
3.310357236155506144e-01,4.076430409905696273e+00,-9.250770773841311689e-02,-4.077274382567773192e-01
7.567384639056523588e-02,3.980913397190137815e+00,-5.546362719613835424e-01,4.302045413951431363e-01
-2.530065484872798254e-02,4.166278049531136674e+00,-5.108400806904787039e-01,2.032663247151956787e-01
-1.012931133277513857e-01,4.246068219643920116e+00,-5.842301951913754232e-01,3.873869645841195863e-01
-5.496696632696160822e-01,4.101107025412488838e+00,-4.498764380882366298e-01,3.567911733839870814e-01
-5.486044126135006804e-01,4.106772704324028744e+00,-4.067599105121695313e-01,8.316687313111920110e-02
-6.735362622917663300e-01,3.916263509324468650e+00,-3.996357487322073077e-01,3.070458487391353186e-01
-7.291518105170198272e-01,3.938623263986996470e+00,-4.028210308205375512e-01,2.567304412001756853e-01
-7.325465610837085251e-01,3.922320920207982287e+00,-4.269941112680576967e-01,2.828037779585194089e-01
-7.503971499624452202e-01,3.927073585045997905e+00,-4.363369521726952471e-01,2.732082482527885547e-01
-8.007297293692434703e-01,4.127408695768496116e+00,-3.660773905631603542e-01,4.338279059208073885e-01
-8.029580079999040221e-01,4.097256545137646810e+00,-3.911449833553985456e-01,4.482877746285454101e-01
-8.001872764037104568e-01,4.077098251479639224e+00,-3.620866346466853902e-01,4.408095697345618125e-01
-2.052131657927080965e-02,4.108619355050830535e+00,-2.672499131665367345e-01,1.520588485929927902e-01
-8.077429337419808619e-02,4.153976687052714389e+00,-2.463038335603261464e-01,1.805914334443166347e-01
-2.015674102079088315e-01,3.878805022145806802e+00,-1.998819975313951558e-01,4.931994134320341061e-01
-2.021727094976120132e-01,3.880534581281645412e+00,-2.014518536619268607e-01,4.985808346062287066e-01
-2.851762952594296685e-01,3.854602302895380639e+00,-1.835032930359341286e-01,4.673077782512933820e-01
-3.140110412213240054e-01,3.887615656644562101e+00,-2.216140113373187004e-01,4.815104752284600220e-01
-4.851620805930926261e-01,3.986303541803557060e+00,-4.436303357911126621e-01,2.284172266840751586e-01
-9.306416896433085117e-01,4.130042578127155473e+00,-4.794967300355297835e-01,4.484973285146386379e-01
-9.286789256284149197e-01,4.125709671629206987e+00,-4.842217281747409063e-01,4.407714961131481979e-01
-8.386296241752815295e-01,4.244758625479872371e+00,-5.002165574248300661e-01,4.684661285086461069e-01
-9.231892056600868868e-01,4.230425622872003188e+00,-5.188795270688963956e-01,4.613562445979677018e-01
-9.280765490969011822e-01,4.227960371518473259e+00,-5.197766368795918579e-01,4.605571401140756693e-01
-9.411288621954673195e-01,4.239997668530139485e+00,-5.124179122867444924e-01,4.728256304389548137e-01
-6.176280428126157407e-01,4.006355649082680159e+00,-1.219063303086471706e-01,4.884781736899205806e-01
-4.369474781804316699e-01,3.807700905182221707e+00,2.502043153749400339e-01,-4.215549603693670155e-01
-4.314961474695612753e-01,3.808724200659954651e+00,2.229361561210928544e-01,-4.555462230897798226e-01
-4.309080004468035519e-01,3.819798224890296634e+00,2.545911509665433892e-01,-4.998862071349316483e-01
-4.311538377571461633e-01,3.819790155292947187e+00,2.545668169765405997e-01,-4.999356554655039475e-01
-4.311806901769209555e-01,3.819716072219491387e+00,2.545961535799785569e-01,-4.999985872448596824e-01
-6.658711212350887365e-01,3.623207208690637504e+00,8.287450607545476799e-01,-1.137515706478693378e-01
-8.779984301493759524e-01,4.677123221182848845e+00,3.923514841445900903e-01,2.817073517889194800e-01
-8.255463976378883961e-01,4.661463378274003588e+00,4.271688258769347213e-01,3.725759166808239042e-01
-6.799268396718461949e-01,4.997944619198092298e+00,2.254978296413960026e-01,8.788205984764158041e-02
-3.245381772489032146e-01,5.408782833235959764e+00,-3.370392223227423045e-01,-2.439015921430212064e-01
6.383889317835462762e-01,4.676090134445798796e+00,-3.335251400146760359e-01,1.399841713002780708e-02
8.954735786505401141e-01,5.433046447334308304e+00,-6.920856673121018876e-02,-3.794173998684851057e-01
7.690503245774387153e-01,3.325706273384287925e+00,-6.744292991525662195e-01,-4.358873468792158201e-01
1.126031973667506625e+00,2.068995176453239271e+00,-4.343184846038644631e-01,-3.208659577384350703e-01
1.265028060358267759e+00,2.654812050218327446e+00,-7.082119311704475617e-01,-4.675455791134575101e-01
