3.737527328411516248e-01,-5.075376824258603925e+00,-1.153179538553772421e-01,1.569727943747956656e-01
5.037924021669208940e-01,-5.157527973567819224e+00,-7.300023611364361842e-02,1.958479922762095538e-01
2.460215992962875853e-01,-5.047027691822958850e+00,-1.415023529603723351e-01,-2.800491555028058466e-01
3.837265770059931080e-01,-5.346864141019064043e+00,-3.566323966932311573e-01,1.145283091943363196e-01
4.145284878034645737e-01,-5.281717324461343566e+00,-3.854254886646001355e-01,2.184432770518202893e-01
5.900321615232712036e-01,-5.087591541310563237e+00,-2.039159854580527009e-01,4.588659669037725708e-01
7.398883617982213723e-01,-5.538105061934031070e+00,-2.457678941312336218e-01,4.607617523435077467e-01
7.408354106256888061e-01,-5.542097447860451886e+00,-2.469641023202474861e-01,4.620287623519356845e-01
7.791911896051810782e-01,-5.479963070531163716e+00,-2.389167590086654358e-01,4.423833873858947774e-01
8.014836631464978822e-01,-5.506731871373884424e+00,-2.809049454059405204e-01,4.500377872568982474e-01
7.833947076538210208e-01,-5.476026595112204021e+00,-2.937668012684691576e-01,4.901409790240704445e-01
7.827265036818856769e-01,-5.475385462333075992e+00,-2.937839994046877456e-01,4.913097854833433642e-01
6.832488871605255643e-01,-5.911627267515974005e+00,-1.588140199744862147e-01,3.121471094856977935e-01
6.723741840209571663e-01,-5.914240378740887039e+00,-1.492922044995470821e-01,3.070917015057770261e-01
1.131133080101553778e+00,-4.470146522260646904e+00,-1.800341624155074038e-01,-1.446135080137616047e-01
1.125561672234183241e+00,-4.419573668618626883e+00,-1.043427081388175470e-01,-2.982238667806347276e-01
6.862221677724154034e-01,-5.036533245752795374e+00,-5.981577596826652687e-01,-4.173473514641700133e-01
6.987922321778823331e-01,-5.071612831618481643e+00,-6.248485413706046376e-01,-4.444180591275301850e-01
4.378027049139393556e-01,-5.156454522296153975e+00,-8.168553796219968355e-01,-2.968061704271618972e-01
4.590851421766424800e-01,-4.941203170623529317e+00,-6.482651652980196966e-01,-9.663324023090452686e-02
3.817529071483818370e-01,-4.938948449079564540e+00,-5.446423749711934992e-01,-2.109011867921949945e-01
2.976724132226558073e-01,-5.004794175429642777e+00,-8.083468207203116096e-01,-4.718176651641567410e-01
3.861773719427540330e-01,-5.020243988724890194e+00,-8.407836352406845570e-01,-4.941546638022981663e-01
3.796775874537170470e-01,-5.028083621376556067e+00,-8.496287936359613324e-01,-4.986549199642844044e-01
3.819519685334101800e-01,-5.025742599355236706e+00,-8.504503350973328102e-01,-4.994772000950679636e-01
3.817397062339511482e-01,-5.027514318573921948e+00,-8.495547266989575963e-01,-4.998654186960698187e-01
5.446022269317394304e-01,-5.317361785316520262e+00,-9.282105483490455944e-01,-2.806950279631728051e-01
3.429808486289990244e-01,-5.351127203346681682e+00,-9.437287273381004260e-01,-2.910460324959808776e-01
3.223123510084159316e-01,-5.388293378335879957e+00,-9.660620867377905929e-01,-3.499801383094254814e-01
3.292604954380938254e-01,-5.403183183467354489e+00,-9.716415330047409871e-01,-3.514884521329866285e-01
3.290569429469446527e-01,-5.403377450383578307e+00,-9.725636476166809041e-01,-3.514492789437657638e-01
4.671276103896730425e-01,-5.156429956340033982e+00,-9.844927986527406416e-01,-4.195726631108231963e-01
4.837120409253394815e-01,-5.117108808121596297e+00,-9.931640218431315725e-01,-3.739380032102597173e-01
3.145525058105225202e-03,-4.709598689486180767e+00,-2.097825061798831436e-01,-3.014667407371414143e-01
-5.066473529952727692e-03,-4.698601897672508798e+00,-2.379046736921696936e-01,-3.091871916925991726e-01
2.213245038879145254e-01,-4.496045239133115601e+00,-5.164768684927467657e-01,-2.795855637523037007e-01
-7.207458177038739144e-01,-5.308430196991259287e+00,2.278079183916945916e-01,1.411259113704388390e-01
-9.909607799921726912e-01,-5.504833716363134677e+00,2.130911104039628357e-01,4.569693787543516184e-01
-9.594934302445747853e-01,-4.985927660648160398e+00,9.369085585058438692e-01,4.813019381946845310e-01
-9.681583237661761654e-01,-4.977493045665864813e+00,9.498327887169571992e-01,4.745394966599774667e-01
-9.714919190041093611e-01,-4.962092390625453930e+00,9.840788595960955343e-01,4.771094996187440485e-01
-1.002932498268300776e+00,-4.945940445475380365e+00,7.482471896663509536e-01,4.997272104953517369e-01
-1.189239191905838267e+00,-4.826900275670402252e+00,8.143986326683056998e-01,3.082596343232921199e-01
-1.075590648739724653e+00,-4.616250323452423920e+00,7.356293593361504790e-01,4.824693743841307336e-01
-1.115238903256666525e+00,-4.547821976116527054e+00,7.449504945125727806e-01,4.989760764125742987e-01
-1.115366659127349447e+00,-4.547929938995709520e+00,7.449037199378505392e-01,4.990710849805115590e-01
-1.115213670989289030e+00,-4.547623850696876247e+00,7.448015939124864593e-01,4.999747135023119293e-01
-9.351767084937695484e-01,-4.691153753626053025e+00,8.548855188510278147e-01,4.307342726547047085e-01
-9.939374894680952366e-01,-4.660328795003977120e+00,8.964514719692031619e-01,4.937069608160595258e-01
-1.244587375527429263e+00,-4.268476877504111755e+00,8.568996777347416272e-01,2.320882237442236096e-01
-1.307257737548709775e+00,-4.460851055657249375e+00,9.915133607638675350e-01,3.409032153853783775e-01
-6.379615939167848637e-01,-5.007074017545738442e+00,3.478910858526062522e-01,1.570443099998896086e-01
-2.376138888421605588e-01,-4.465574856121376612e+00,-1.793663453044699041e-01,2.584465585861399628e-01
-6.183567479455829297e-01,-4.401682399474783125e+00,5.239513959507960950e-01,3.031370618184600074e-01
-2.638560264630187002e-01,-4.416512415650426959e+00,9.813910463329695855e-01,2.168213757956292953e-01
-6.944183447602217396e-02,-4.327226119301537999e+00,8.283043801248517468e-01,2.370583231835249882e-01
-2.082291129976810984e-01,-4.338724654586665785e+00,9.304333838607928842e-01,1.168739108761831791e-01
-2.088890549556229326e-01,-4.341524802969441765e+00,9.392923243337646388e-01,1.203795882525532795e-01
8.301578057195837523e-01,-7.752043028840645000e-01,-9.796388065086114594e-01,9.631402287821816399e-02
8.296799406967284574e-01,-7.867630587215099780e-01,-9.871907006289646347e-01,1.038425634166064981e-01
6.862549139987190738e-01,-1.384127886839396471e+00,-5.504958138030995318e-01,-2.537386163614929746e-02
1.035376006376698799e+00,-1.139919370170308754e+00,-9.088984654069818259e-01,4.983420690878038739e-01
-1.376889494193893615e-01,-1.629308796586133035e+00,-6.046021896788719152e-01,4.602101178304957574e-01
2.638346121101549646e-01,-1.904533432736222220e+00,6.089823876697098015e-04,4.936933805954398791e-01
2.693252903061673087e-01,-1.917559398580939822e+00,3.062765132737722482e-02,4.802464552763071604e-01
-3.434221946489452448e-01,-2.074398612386599172e+00,-5.109160352789364756e-01,3.359276790856673411e-01
-3.939588967663163466e-01,-2.081391762596960238e+00,-5.820057844461629104e-01,3.141560616069175582e-01
-5.108389514651501262e-01,-1.201473767103843793e+00,-3.280330093623126109e-01,4.645755699663145499e-01
-3.685912701428249449e-01,-1.422176899406380590e+00,-7.058452709324996022e-01,1.364305499180198944e-01
-3.091977168517801022e-01,-1.385676763384573684e+00,-6.478632618603158422e-01,2.466066726125024644e-01
-2.258208771444489837e-01,-1.306887064024590872e+00,-7.958773552456569478e-01,2.382648035137087672e-01
1.128157597447709826e-02,-1.333800871919699205e+00,-5.316402733503242661e-01,-1.015788503296806145e-01
3.217778542174758449e-01,-1.414728515572649670e+00,1.753266690973666053e-01,-1.452551368772237728e-01
2.894264190866034370e-01,-1.246399902391845949e+00,2.091469973556742690e-01,-1.713893810107979809e-01
2.712764243866417346e-01,-1.224410110271357599e+00,8.170236917490425466e-02,-2.833608868363937661e-01
2.756437773015735782e-01,-1.228339031846195084e+00,1.172213427806969299e-01,-3.982339853991808676e-01
-5.585743314484892252e-02,-1.116077423096776267e+00,-4.452348367213856961e-02,-4.168697743529127808e-01
-1.882307948824085003e-02,-1.175509602559284605e+00,-3.703226515001679237e-02,-4.788466760097586095e-01
-8.799005800720023363e-01,-1.510422695990396580e+00,2.534393821029816141e-01,4.864437616955399335e-01
-8.731715716986624409e-01,-1.497660991422077759e+00,2.225989688779371478e-01,4.889452620332353505e-01
-6.630941379450043804e-01,-1.640661282163840218e+00,-5.908820084632422365e-01,3.619261165895899524e-01
1.047089642894216688e-02,-1.822872192015013271e+00,-1.367074129866140964e-01,2.517617119356712063e-01
1.503132955104134194e-01,-2.013675104400211691e+00,-3.111414553940303751e-01,2.678317282504474317e-01
6.965143685885833991e-01,-2.019376762232872657e+00,-2.574092601598174102e-01,2.379381558329233814e-01
6.866322767698860297e-01,-2.084289184291518549e+00,-2.701950542920006360e-01,2.378270475770972447e-01
7.194863191989715467e-01,-1.952327394049212739e+00,-2.683916802387086298e-01,2.602653592116657699e-02
6.933810536732495367e-01,-1.835453755669542497e+00,-4.167312932540729875e-01,2.936956500073968357e-01
7.610482852635652717e-01,-1.843223425064108856e+00,-4.379166927264903086e-01,3.522274609689589608e-01
8.160080399443699894e-01,-1.849809225006034952e+00,-3.668277932122071539e-01,4.186169156568484429e-01
9.184839231249759539e-01,-1.913148633700838541e+00,-3.540364893736333007e-01,1.846632284216771225e-01
7.796095357114580793e-01,-1.770142181950921101e+00,-2.236522876600774423e-01,1.076513082142976918e-01
7.017746804174734843e-01,-1.910471776885976469e+00,-6.616064867045896580e-01,2.596664997699449362e-01
9.855787080181899196e-01,-1.909519210364377440e+00,-7.447432854365764188e-01,1.032425060469348843e-01
1.587293379686653072e+00,-1.528049688478069879e+00,-7.689390759284004950e-01,-4.755236496254825473e-01
1.593976001013466481e+00,-1.525090153583757990e+00,-7.505330087249859616e-01,-4.656424437039641262e-01
1.342396155964700188e-01,-3.576079121499383007e+00,-6.309242273583650640e-01,-3.234950982618690074e-01
-5.645996067479461811e-01,-3.161417933217248954e+00,-7.492118289209072080e-01,4.509963193516014490e-01
-5.647765279383053505e-01,-3.149879822668092633e+00,-7.509750196133236910e-01,4.395122163170522844e-01
1.683739155376041019e+00,-4.144469831405053206e+00,-9.843713926200412523e-01,9.463024594219737740e-02
1.688056422029038606e+00,-4.131784646384984327e+00,-9.889498471519784228e-01,9.326943827561441636e-02
6.041831631794545299e-01,-4.171389028591900860e+00,1.917382326929712999e-01,-2.839935507881206911e-02
4.720388520877748517e-01,-4.224512761441564734e+00,4.039368590121777958e-01,-4.253518149842679119e-02
5.925177530764409450e-01,-4.219418466177315530e+00,3.758496259422133834e-01,-3.240966477600299989e-01
8.464858116028951551e-01,-4.264667217570242030e+00,3.423295122704030913e-01,-2.127533762842805654e-01
1.022153384273171373e+00,-4.271466318368434933e+00,2.889518961375727168e-01,-3.164038068882983334e-01
7.739775765768330817e-01,-4.507458153859407624e+00,-8.440430480432126181e-02,3.021296598033010317e-01
7.799340486624172231e-01,-4.512306499078233557e+00,-8.657044107609115913e-02,3.041268676535203719e-01
7.828960578101322731e-01,-4.510187207394288578e+00,-8.767842553525918847e-02,3.040702394149099597e-01
7.829160544227632412e-01,-4.510222339727419261e+00,-8.765138702657249148e-02,3.040845579676900168e-01
8.132840559686516091e-01,-4.233694736873382602e+00,-9.081459184317294264e-01,4.419209846396285890e-01
7.884956061179678732e-01,-4.192810646143467324e+00,-8.751751587808389576e-01,4.650702407135186567e-01
7.770608337332599591e-01,-4.180847903965992707e+00,-8.449773141829112211e-01,4.855919221161452692e-01
6.810449630193950998e-01,-4.605885243289590036e+00,-5.477919285731771559e-01,-3.044671434710555791e-01
8.901728844116919559e-01,-4.686052779912216693e+00,-3.602551740593953333e-01,-1.527543150399580663e-01
1.260034258682507735e+00,-4.730658914947631466e+00,-5.961018140285911926e-01,2.273164928755258551e-01
1.243945248407211990e+00,-4.720671872839608874e+00,-6.036167477948954918e-01,2.169804827421686344e-01
1.249431225988282046e+00,-4.677771523558035938e+00,-6.172314039127320129e-01,2.010231452323830437e-01
1.309696414287077948e+00,-4.680198843151888610e+00,-5.755608965549696698e-01,1.522938981212850207e-01
1.341957865615072798e+00,-4.691625741853538756e+00,-5.411831101133770527e-01,1.486081967341547905e-01
1.342168693547585612e+00,-4.684103378303731802e+00,-5.313037288509906420e-01,1.490590141736818086e-01
1.339875437021340820e+00,-4.684938942643911197e+00,-5.298968616361550144e-01,1.722133627919685550e-01
5.179829445116369557e-01,-4.800063856955291364e+00,-4.142197617930210018e-01,4.969195799892083265e-01
5.452039701438207153e-01,-4.837872100686769095e+00,-4.150699812482659401e-01,4.999107829320617591e-01
-7.748548016575640407e-02,-4.384249428385214031e+00,7.462425643285761634e-01,2.604782804022278686e-01
-2.946248557997035999e-03,-4.313706585541227767e+00,8.392007740755672573e-01,-2.177568429340529521e-01
-5.873519024528863763e-01,-4.254040240386077976e+00,9.878995324418758939e-01,-3.201443371431955676e-01
-5.864825561929883913e-01,-4.258815705292239073e+00,9.900424203928803735e-01,-3.078831561057705501e-01
-5.153601160786540625e-01,-4.464691592195201508e+00,9.216560153027331115e-01,-3.590603203860175396e-01
-5.149080710499117641e-01,-4.462324010117611373e+00,9.286676256205914637e-01,-3.586211131476086389e-01
-8.783518224565816102e-01,-4.952444670660771209e+00,9.623566849773526055e-01,-4.060295709791452712e-01
-5.286916361434464973e-01,-5.805957115707904848e+00,6.104409141054016885e-01,4.438621107996868487e-01
-5.229583988518780036e-01,-5.814263628267481998e+00,6.172107394478327791e-01,4.553478444262844538e-01
8.185183148105190654e-02,-5.815484412465859343e+00,2.914053935893045622e-01,2.881921832387007165e-01
4.608783366232585554e-01,-5.501898132661257712e+00,2.307499812328749622e-01,2.306691375218745121e-01
2.536208584567258839e-01,-5.225438836099043804e+00,9.637083213118466385e-02,1.418499383838498495e-01
2.708594134469907710e-02,-5.062477956128255130e+00,2.941914753513905079e-01,4.386119314707189742e-01
7.139684895401558762e-03,-5.067009964326675053e+00,2.902650819387527781e-01,4.561165292117165260e-01
-6.298931945739130733e-02,-5.395686713465697615e+00,-1.162406365998238100e-01,3.076565134892979003e-01
4.699778697806668293e-02,-5.108562063743907977e+00,-4.144880516579499408e-01,4.790250355408334215e-01
7.229324660305656847e-02,-5.105230166304388639e+00,-4.164685049646326687e-01,4.905719690108940045e-01
6.661015650828554235e-02,-5.097543080510999580e+00,-4.273656235166400363e-01,4.936073283710989967e-01
2.945627104385353801e-02,-5.100175791236553735e+00,-4.552836690791573493e-01,4.741912415981340834e-01
-2.821526490486032657e-01,-5.215716092401505577e+00,-3.999730009924755691e-01,3.797247607911479195e-01
3.066442253881030977e-01,-5.096004689413600630e+00,-1.491122347251731539e-01,3.891830207909629524e-01
3.614430675773033230e-01,-5.008890161789715023e+00,-2.391366200205805592e-01,4.662541333071019700e-01
-1.874807323963413874e-01,-4.889949205758762574e+00,3.037596147685306391e-01,-4.268563582815920743e-01
-6.883395483763639355e-02,-4.932113116601431813e+00,5.386010657280313474e-01,-3.734492319557856654e-01
-2.918571396043290189e-02,-4.837997732053811895e+00,5.372780412066870959e-01,-4.589727932069187499e-01
-1.087533415391978564e-01,-4.663953650572435272e+00,5.187315484623669093e-01,-2.524527176600399603e-01
-1.177936537101567788e-01,-4.908910791285966191e+00,5.719853259277406510e-01,-2.549576812098649503e-01
-9.962172372998340242e-02,-4.945905689479208611e+00,5.663135599827938682e-01,-2.687034309857512793e-01
-9.921540150344064501e-02,-5.013909472661879363e+00,6.158332348450205052e-01,-3.388767854417284453e-01
-4.034209273313077437e-03,-5.074216116425089851e+00,7.010535854456249050e-01,-2.041078387545637862e-01
-2.258180105076443289e-02,-5.036556626860220653e+00,7.173132567628539569e-01,-2.273843771020929161e-01
2.031462466508099640e-01,-5.175813913281501755e+00,6.950489839658395841e-01,-9.595763743762208975e-02
1.183314890281197851e+00,-4.417643640465535704e+00,-1.800311451040597088e-01,-2.536058872223202476e-01
1.064494191890012154e+00,-4.404367910989914314e+00,-3.132866219432787758e-01,-2.423753290947767702e-01
1.044850424186476889e+00,-4.619882768244012006e+00,-3.230927825194850334e-01,-1.392545077408682830e-02
7.469001076962575869e-01,-4.025341177009055471e+00,-2.286432050278283112e-01,-1.912242738320704960e-01
2.540718430921948823e-01,-3.751649524941361058e+00,-5.034897694092480003e-02,-4.873139340934111718e-01
7.554014475634728276e-01,-4.670106815747274709e+00,-1.172544954696237013e-01,-3.660408683266824781e-02
7.374206507620462148e-01,-4.577246370685835508e+00,-2.345486253351884709e-02,-4.088381622856891440e-01
7.289745101875498845e-01,-4.605529897950758844e+00,-2.023845316944544726e-02,-4.467607276001325789e-01
7.345338976460539238e-01,-4.777168297585136614e+00,6.289555047394471132e-02,-4.723044422901305772e-01
8.641595675230592244e-01,-4.578767570542726872e+00,2.178820226687291362e-01,-2.663805031122682965e-01
9.215585903688503500e-01,-4.640992016711322776e+00,3.057707850636149916e-01,-3.773768049872543995e-01
9.067041594292377660e-01,-4.659257910816759995e+00,3.372034889224853060e-01,-3.577530709876968751e-01
9.570833798808918713e-01,-4.669794610867232798e+00,4.027428825154096836e-01,-3.965994132282845697e-01
9.534621560425954323e-01,-4.675178297559241969e+00,3.936412023139461702e-01,-4.155325226162503993e-01
9.727676275922085836e-01,-4.634886519088111889e+00,4.091315300043107950e-01,-4.293689589265117790e-01
8.482257269179115378e-01,-4.631498935539545059e+00,2.819642979760315638e-01,-4.109779225806536873e-01
7.979972218073893009e-01,-4.612392044040328543e+00,2.691286881121436880e-01,-4.284601045505436190e-01
8.037644125949326979e-01,-4.607510948409300866e+00,2.886437065335205610e-01,-4.268861709011002592e-01
9.497360084463923879e-01,-4.480282820404464239e+00,2.012953101362161545e-01,-2.875440710803146560e-01
9.523703712071520666e-01,-4.477109508209534461e+00,2.033506824546511271e-01,-2.860067104710570240e-01
1.154850173406806180e+00,-4.460264730204996475e+00,-5.788360796325894841e-02,-3.651516358097862125e-01
1.207552029379613812e+00,-4.561085919190810856e+00,-2.840659013112153269e-02,-2.676339669246147190e-01
1.242304815027140963e+00,-4.572485485741644595e+00,-1.060172699451068443e-02,-4.176775819646964538e-01
1.249103827866798078e+00,-4.566489993872819397e+00,-1.289600972848241323e-02,-4.364203916123502447e-01
1.262970949768276840e+00,-4.457252619146662376e+00,3.938937715619751645e-02,-4.017271901885574037e-01
8.941948839856039832e-01,-4.045186159849412988e+00,1.033642248908374500e-01,-2.689675383728858948e-01
9.115539186358093682e-01,-4.130314861885547195e+00,1.654704321496802966e-01,-2.777289743616266349e-01
9.086065712950675000e-01,-4.126684026398278249e+00,1.667044990636894208e-01,-2.812103566812992894e-01
9.340688364064155813e-01,-4.149772319889990513e+00,1.198601925388637912e-01,-2.146281822758739632e-01
9.412679023336216755e-01,-4.093645185162137601e+00,2.139782982428200531e-01,-2.161971592838299039e-01
8.682744406788021063e-01,-4.075837908237493146e+00,-6.278752203530895137e-01,4.575501385983853364e-01
8.447831576506962259e-01,-4.108417100014851719e+00,-6.004752378604651941e-01,4.614406639536657306e-01
8.376872198800860980e-01,-4.100850311825428030e+00,-6.032570609268380624e-01,4.635537804010236296e-01
8.497698212072815060e-01,-4.053195018049511766e+00,-6.076775739068092097e-01,4.791922212413084470e-01
8.428125283942649038e-01,-4.050233288599376813e+00,-6.097034435771560013e-01,4.901115814975710583e-01
8.607176798935944895e-01,-4.036178553853758899e+00,-5.785640087467358583e-01,4.998583867186413010e-01
9.386802526238190447e-01,-3.993255099058846014e+00,-5.434928127540888942e-01,4.249073180403948324e-01
7.120932959409789209e-01,-3.857373769342630876e+00,-4.132462170116811273e-01,2.305355752658069801e-01
1.023614056075412115e+00,-3.718416985939753339e+00,-8.183387086531149768e-01,2.947084286456070346e-01
1.062679250410224263e+00,-3.682486202411529685e+00,-8.196532328331689321e-01,2.963188076402301641e-01
1.043739484832937991e+00,-3.736899326178571012e+00,-9.450537979812161371e-01,3.572326006829447120e-01
1.106798719336897552e+00,-3.784540421066146632e+00,-9.019665693352104663e-01,4.105764419854299185e-01
1.190649027280807903e+00,-3.662540650101403727e+00,-8.433031570842592917e-01,4.754058160072355266e-01
1.198298343497140150e+00,-3.655878651346879948e+00,-8.325773730844203691e-01,4.852100251182408508e-01
1.199638222719781266e+00,-3.655780391141781660e+00,-8.346687779188395329e-01,4.854732514569916058e-01
1.198216050962490176e+00,-3.663748432058381965e+00,-8.317204439418350859e-01,4.978560246673719436e-01
1.178941281309129119e+00,-3.668598367405359717e+00,-8.142407320546416472e-01,4.984857103094325614e-01
1.222543333820505174e+00,-3.730445519023306566e+00,-3.712116930092068112e-01,1.413735785962709213e-01
1.236615303784515119e+00,-3.642900575281432740e+00,-4.691902584271121501e-01,7.755676864491438394e-02
1.348726669167279457e+00,-3.803697074605814521e+00,-4.976116331556916794e-01,-2.348607807010211213e-02
1.336840387886683468e+00,-3.853348041692730597e+00,-5.389148068601524733e-01,1.910267487897230609e-01
9.731584464237356125e-01,-3.629886008577769552e+00,-9.917381403219722724e-01,3.312776766668994455e-01
8.873369940200023231e-01,-3.626673932367601605e+00,-9.350995801470077806e-01,3.413296571203926488e-01
9.163664119030289212e-01,-3.742885244517346166e+00,-9.997662692443843868e-01,3.695338771114948240e-01
9.163627050391390805e-01,-3.742906383440106399e+00,-9.997850070501069775e-01,3.695254049387484696e-01
7.195711524077068599e-01,-3.902419499079884613e+00,-9.147669269418103877e-01,4.657230316538221171e-01
7.547778096692357996e-01,-4.122380630038697369e+00,-6.805313573727534981e-01,3.782008694024183715e-01
1.114473057251156529e+00,-4.812174915976595635e+00,-8.181460431060352256e-01,2.584609039788660079e-01
1.105851435782481129e+00,-4.765746278031667060e+00,-7.866252722589286428e-01,3.451078305643590083e-01
1.216334903039059778e+00,-4.646468669523841299e+00,-8.678935533254603651e-01,1.126436516367593788e-01
1.206278624314645054e+00,-4.652621346962990678e+00,-8.953649797582996506e-01,9.244686470106515397e-02
1.211519480190516918e+00,-4.642305936206835071e+00,-9.430572865123558746e-01,1.906134795408637173e-02
1.211458895795383350e+00,-4.641848664379866207e+00,-9.433819350618942723e-01,1.936710035252817153e-02
1.206762251692958365e+00,-4.670498163867046415e+00,-9.795022607443820695e-01,1.141591588617017240e-02
1.163389926464563739e+00,-4.662862119852352549e+00,-9.947978296060208114e-01,1.742286832827776716e-02
1.196588693841550421e+00,-4.869159455960052618e+00,-9.248020180522852352e-01,2.097937699060503924e-01
1.175038714412956375e+00,-4.884545021744942872e+00,-9.440402537536428662e-01,1.891236563860295150e-01
1.144666317394063659e+00,-4.884331019267893481e+00,-9.324993396250075284e-01,2.627009137492371527e-01
1.127965353272416094e+00,-4.853593199061908336e+00,-8.990927180987394740e-01,3.364905026733689408e-01
9.445194574799402609e-01,-4.972340164020222275e+00,-6.240927886461844487e-01,3.982628566336109954e-01
9.739665121140330672e-01,-4.977706899649308347e+00,-4.304194563514652794e-01,3.613774716659551856e-01
8.855802641733434566e-01,-5.357554759713327286e+00,-7.709010410863113005e-01,3.498554623087340998e-02
8.662941573724759481e-01,-5.462439253448769350e+00,-8.910607145319170419e-01,2.139673316286140881e-01
9.450115284307019081e-01,-5.647558719746446521e+00,-9.892871028341664319e-01,2.804647865629534831e-01
8.158591636521295154e-01,-5.606236687164114052e+00,-9.974228254169378305e-01,2.848629609717752142e-01
8.169621101952176945e-01,-5.607170254472244153e+00,-9.992579674814986435e-01,2.876446083329015080e-01
8.178064202696243568e-01,-5.606838816692437000e+00,-9.995785229152763796e-01,2.877411555625367656e-01
7.697416505288324773e-01,-5.664253290271733299e+00,-9.503282024823739293e-01,1.862174473820547016e-01
6.695024303378176445e-01,-5.859079175646945359e+00,-8.950602435110458499e-01,2.629698619658494829e-01
6.787598174829071462e-01,-5.840513661753642616e+00,-8.790614865855999049e-01,2.557158897303045686e-01
6.324912455974416314e-01,-5.867530901057077308e+00,-9.409888279402347511e-01,3.061872693378486776e-01
6.099904824960658001e-01,-5.926776395456088586e+00,-5.832890683931423181e-01,1.882697859249505279e-01
3.404672093177709691e-01,-5.960318561240290691e+00,-3.013458210118385439e-01,-5.787233009120887339e-02
3.240698802495367015e-01,-5.956892258481343738e+00,-3.702584784842700705e-01,3.281108169835193766e-02
2.004664160620993063e-01,-5.999625351199752821e+00,-3.243431651211768907e-01,8.600899194116373714e-02
1.280441197912414175e-01,-5.737819716435885731e+00,-5.195817067091730301e-01,-1.945908513713722199e-01
6.521823694300175889e-02,-5.726259890744739067e+00,-4.792824373540071070e-01,-2.050376181515360385e-01
5.715782297113297661e-02,-5.769092187129410298e+00,-5.025117032493324754e-01,-2.649636152839159875e-01
-2.256758305207302862e-02,-5.970105439270477987e+00,-5.191174431338473338e-01,-3.462796486102049931e-01
-3.411271704038228159e-02,-5.952929067104424377e+00,-5.147509220910706507e-01,-3.575226521758005926e-01
-3.376447404920917411e-02,-5.948293473350292793e+00,-5.178594071688250589e-01,-3.642444379041772651e-01
4.485000336113168645e-02,-5.935329610840075709e+00,-5.705753271825377837e-01,-3.347539924001748934e-01
1.467832725723237572e-02,-5.917003320771818231e+00,-6.326053141590023410e-01,-3.106817115263862394e-01
4.923840275670556821e-01,-5.961711195436106614e+00,-1.803454897508638410e-01,2.430115285611420539e-01
4.592465772962218695e-01,-5.869241389006485399e+00,-2.647027592080943847e-01,3.518246606646692198e-01
5.126936311886447495e-01,-5.593662992149917024e+00,-2.267329229554495562e-01,4.749164423590369610e-01
4.971950457431303372e-01,-5.287807654159736970e+00,-4.251655236672619020e-01,-1.034354120077476402e-01
4.626039305938398627e-01,-5.297780017437698774e+00,-3.891708017435707156e-01,-1.458195135124831232e-01
5.978503484414449121e-01,-5.265480117815423355e+00,-5.251944665562282566e-01,-4.766043031811564301e-01
6.145854109458218639e-01,-5.179013860500437438e+00,-5.023730897070489698e-01,-4.947117372953103165e-01
4.827790452124355314e-01,-4.899073921894479433e+00,-7.988810742740894977e-01,-4.675090698119094279e-01
3.812630925352994415e-01,-4.982213837301660675e+00,-7.490191413582859559e-01,-2.108319383459589247e-01
4.568777832141318052e-01,-4.886200539055945313e+00,-8.682501960143185205e-01,-1.618944118997816817e-01
3.155995243977836595e-01,-4.439556562415577723e+00,-9.944918011247543266e-01,-2.143962423064714740e-01
-3.822410943774111058e-01,-3.867823248894178612e+00,3.934819328519716386e-01,-1.181278680799915937e-01
-4.547209856652754123e-01,-3.788000574995760594e+00,5.858001382753205144e-01,-2.098093675413952863e-01
-7.341825407921603874e-01,-4.531127762210704901e+00,2.387983092027468612e-01,-5.667475379523603807e-02
-4.956717646496648366e-01,-3.356890182399336009e+00,1.143033867833276318e-02,-2.264258975329223322e-01
2.319427149477555905e-01,-3.520295932154348328e+00,-7.711033083911733588e-02,1.613009608157600916e-01
6.540594350189012918e-01,-3.767007220525725675e+00,2.517958750919286337e-01,-1.910576481791463055e-01
8.498357198672993329e-01,-3.876845336970430544e+00,1.996609598119657436e-01,-2.175129769278202341e-01
-2.467553006647263958e-01,-3.842342879318888738e+00,-3.152315099007707566e-01,-3.391198975795006731e-01
-2.792250169212235344e-01,-3.866281289342426764e+00,-3.720937604604957483e-01,-3.134355296779743894e-01
-2.773729458180507201e-01,-3.865968828942560886e+00,-3.722304639891153566e-01,-3.170756211709720995e-01
-2.835468243349796302e-01,-3.879159439540088794e+00,-3.752735688609289966e-01,-3.319698327286165207e-01
3.271189624669908480e-01,-4.046243837991420733e+00,3.569207511949370470e-01,5.896965789499425403e-02
4.140067881525636428e-01,-4.016961659760939440e+00,1.264831860675046105e-01,1.752209369187981147e-01
8.809451634222371652e-01,-4.758459934201527020e+00,2.845541148342332072e-01,-1.980462619635698085e-01
4.679914972932503470e-01,-4.319255934350637816e+00,-8.640099706359853915e-01,1.831627154071517605e-01
4.408756578991784303e-01,-4.315505761099747595e+00,-9.329139729722908392e-01,1.890880997290493581e-01
4.323286070044528584e-01,-4.284614947875494906e+00,-9.619935274908040235e-01,2.204275940518681254e-01
2.561750662225857345e-01,-4.452345348652492873e+00,-5.461535655069403861e-01,4.095318376308939023e-01
2.842201106639127284e-01,-4.410452491477739656e+00,-5.216953040827675414e-01,4.354914951547740887e-01
3.510265454784878836e-01,-4.724956914942054276e+00,-4.747775506741305218e-01,2.866606349776641971e-01
3.803926023894223518e-01,-4.706392680563139308e+00,-4.703304169192073503e-01,2.819257928302004168e-01
3.908745293988607483e-01,-4.675016310421947097e+00,-4.504720602792755546e-01,3.114388988874182140e-01
3.475156595186162378e-01,-4.917740818585624396e+00,-5.188249995494583766e-01,-8.021011561122853850e-02
8.045988746666301594e-01,-5.181524437326794796e+00,-8.460520770526863688e-01,2.123905177131574229e-01
8.324165761687739584e-01,-5.128198967122822971e+00,-7.496022664822177273e-01,2.103894414045901773e-01
6.547908659529105835e-01,-5.145036636455466272e+00,-5.942740283863274797e-01,3.882151380816699637e-01
1.058171000691012997e+00,-4.923277668950402308e+00,-6.363453757048310733e-01,4.796268708402725567e-01
1.118795938260884526e+00,-4.928674248778592393e+00,-6.038784759824021853e-01,4.823873355034209998e-01
1.017368295403538792e+00,-4.811271942756984110e+00,-7.689312761654668593e-01,4.064150302562314909e-01
9.432373969009859582e-01,-5.110249863725052855e+00,-3.502319307936109793e-01,2.595814118409497384e-01
9.119810388164448778e-01,-5.118271395007078617e+00,-3.389445045182787886e-01,3.866026095323633616e-01
9.117189111179953009e-01,-5.116959342142753719e+00,-3.270163610443908575e-01,3.855761279175008993e-01
8.328071532049474701e-01,-5.103830925977387523e+00,-3.272590750037707164e-01,4.590698117348802620e-01
-1.286786194338751521e-02,-5.265060923321751574e+00,-2.778626572611787582e-01,7.977608791054924264e-02
-4.274926750335329984e-01,-5.261320625925688610e+00,1.871485219006530643e-01,3.025583910627042128e-01
-3.073713254043850540e-01,-5.280788184365868609e+00,2.936341805921482973e-01,4.156617278154056683e-01
-3.828693599903986722e-01,-5.231320776272388784e+00,2.968502431260601759e-01,4.996999689504479925e-01
-6.827579983659016749e-01,-5.503689223110247219e+00,2.533309411820506840e-01,1.984024780644543795e-01
-7.263846152050009719e-01,-5.481259338576461637e+00,2.929334582816371935e-01,1.379380849911612250e-01
-1.900618434583015715e-01,-5.707925564792746265e+00,4.653605871092098001e-01,-3.527032471113685230e-01
-1.390960933504445940e-01,-5.591648270989479030e+00,2.865784260632907587e-01,-3.384895313254868143e-01
2.506747343202792022e-02,-5.623016725782721714e+00,2.621395529881519471e-01,-4.627129017604071914e-01
-5.405317099035857886e-01,-5.013480033504404076e+00,5.963495281512595225e-01,-2.272795685527011778e-01
-1.280266961758345090e-01,-4.734134535168981195e+00,-2.690339378842747653e-01,-4.477325117160511070e-01
-1.791391140192623577e-01,-4.752034958248738228e+00,-2.565147603326063952e-01,-4.957757217857809429e-01
-2.964812805755883685e-01,-4.661293611048613172e+00,-1.719011927449386468e-01,-4.846668226018361891e-01
-3.080508258835712998e-01,-4.674412425151972528e+00,-1.705099903783143245e-01,-4.977148143660590218e-01
-3.078362669516065409e-01,-4.674539153490604448e+00,-1.710265921416953827e-01,-4.980635651840033540e-01
7.057139610010103592e-01,-4.060016541984806437e+00,-2.426905115018629933e-01,1.128679577745025919e-01
6.895156619658581176e-01,-4.029673648150244425e+00,-1.865123445386980550e-01,1.335861595217633924e-01
6.444454762426923278e-01,-4.066941423304903935e+00,-2.341767020774832009e-01,2.260215194510682146e-01
6.145215122292307930e-01,-4.308999199041609884e+00,-7.045307010691950755e-02,2.617368020498122005e-01
7.687888385024892468e-01,-4.211568893548315984e+00,-2.508223322306631919e-01,3.891232583645245491e-01
4.652244681781927405e-01,-4.346716018606370469e+00,-1.440639966571298225e-01,4.498760137771699585e-01
7.235592954071816685e-01,-4.137825947146458461e+00,-3.823422942244130152e-01,8.991239565304337544e-02
7.000022755154851062e-01,-4.162620350880661846e+00,-2.904044905734460835e-01,2.392125807514768610e-01
6.700812547482919435e-01,-4.083200982472888541e+00,-3.983973134552583617e-01,3.052518043715802265e-01
8.101014529847588852e-01,-3.957169632025205885e+00,-3.795434491966582780e-01,3.450764002038307909e-01
8.710259814601112316e-01,-4.066840204233340472e+00,-4.037375892255202214e-01,4.170272865742864488e-01
3.791252264058120880e-01,-4.004218772414565031e+00,-6.980278839172567862e-01,3.269730783346121439e-01
1.069448106344877747e+00,-3.297573508934410480e+00,-6.145563256374722005e-01,-3.505456620263903145e-01
6.191062447955850701e-01,-3.567378474703187585e+00,-9.065891844246107834e-01,-4.113341875401417269e-01
7.210160931119435901e-01,-3.594063913893835505e+00,-9.485961414677538395e-01,-3.450685453137590786e-01
6.659981903755651800e-01,-3.555259072329183034e+00,-9.920301171091401304e-01,-3.193716947152995256e-01
-3.061185422710132054e-01,-5.138668277144052610e+00,-5.250742219814620304e-01,-1.332687660269348262e-01
-3.075516480205507386e-01,-5.136099460990651622e+00,-5.286370055643482280e-01,-1.300764909251088675e-01
-3.249442526989138047e-01,-5.115004552215472344e+00,-5.204486775004009136e-01,-1.375012815163533242e-01
-7.448006772337445458e-01,-5.254048377474630271e+00,1.537609026034603144e-02,1.651661940648023741e-01
8.549157368334392437e-02,-5.835357737190786764e+00,4.348001044922391589e-01,-4.426111558796290701e-01
8.825271996473370295e-02,-5.835282745627049295e+00,4.319643313240587590e-01,-4.512578425074729171e-01
-6.334951461590813959e-02,-5.751583316967401771e+00,6.226262358686680543e-01,-3.050463256799999523e-01
-1.477194895201779379e-01,-5.844174318479303132e+00,9.431911706170811316e-01,-2.970152627678246948e-01
-2.586586833975837996e-01,-5.833458515978202641e+00,9.672253462121581657e-01,-3.070521407672766601e-01
-2.744267568481623676e-01,-5.872217644890408650e+00,9.707733983235548036e-01,-3.206870061357433577e-01
-2.817276058348380241e-01,-5.862903572632429672e+00,9.519271212150742789e-01,-3.273814716505545896e-01
-2.794290603010464169e-01,-5.859264154305149574e+00,9.865143988406932518e-01,-3.260013573613986804e-01
-2.800673696715706429e-01,-5.852850726265826253e+00,9.972775276097258779e-01,-3.227727906325043583e-01
-2.767179376798342694e-01,-5.850529642171848010e+00,9.986007924851928452e-01,-3.217929121851241248e-01
-3.887824066809044687e-01,-5.943385505269120017e+00,9.279977753695584086e-01,-3.795567314932475900e-01
-3.563793064571512681e-01,-5.981249688478485815e+00,8.432937112854065331e-01,-3.641726423178018868e-01
-3.094697361275298153e-01,-5.989009687845451957e+00,8.065261308977111909e-01,-3.651534056018732044e-01
-3.097123253863290349e-01,-5.984787229450800439e+00,4.496033830420479438e-01,-4.349933701914224793e-01
-2.200045233828298030e-01,-5.999401826433977014e+00,3.164372408609122944e-01,-4.212971928917971787e-01
-2.197375473926634348e-01,-5.999519026607633698e+00,3.165659792973968267e-01,-4.211873921340038018e-01
-2.192760201811369269e-01,-5.999933164745502090e+00,3.164818524490873308e-01,-4.214108371174973833e-01
-2.193643455460579927e-01,-5.999947060375085961e+00,3.164310672537476998e-01,-4.213914408154575408e-01
-2.111933928374024050e-01,-5.925907230657863956e+00,2.860715264070534114e-01,-4.284486568216016034e-01
-2.660678545914012538e-01,-5.869163161028605913e+00,3.551553811190123477e-01,-4.134152947215621321e-01
-3.640447901371606232e-01,-5.936188735565907315e+00,4.546808863144582435e-01,-4.838775120634532523e-01
-1.157020266138807374e-01,-5.833411098413476381e+00,2.367502056736828231e-01,-4.537762269499430179e-01
4.854657412667789940e-01,-5.716171559746657138e+00,1.900974165707687846e-01,-3.375040123466780950e-01
4.903276780100703225e-01,-5.647899320263577216e+00,2.341082614440854470e-01,-2.179954097592080864e-01
4.628863619623030945e-01,-5.600282086418447491e+00,1.385938165445131653e-01,-3.228603453598267170e-01
4.006059997361167690e-01,-5.765916262809103188e+00,1.179459727952355264e-01,-1.826040903838505314e-01
5.543112331650217328e-01,-5.758901182829489152e+00,3.708937819112660961e-01,-4.885963933964307948e-01
4.763229658335554340e-01,-5.715831649236996270e+00,4.517598416518692761e-01,-2.393738406957071352e-01
2.325487902591938383e-01,-5.565828988441861469e+00,8.765306689880564273e-02,2.548072824965491590e-01
7.637058469910790182e-02,-5.260675841027322441e+00,-5.828638447216940577e-01,-1.041514665165621523e-01
5.328160716738618990e-02,-5.196034925416393335e+00,-5.428904539576417942e-01,-3.713684471600963155e-01
2.219731761786420399e-01,-5.161534620401496909e+00,-6.972919257261930293e-01,-3.387093412740060372e-01
8.322080418333557827e-02,-5.537844987113778927e+00,-6.679210897419878279e-01,-2.095391618849671012e-01
6.113464771722335600e-01,-5.755158809404444575e+00,-7.076571933602300302e-01,8.414420582898293755e-02
1.287787815700671690e+00,-5.283232219908904348e+00,-5.488896715804039150e-01,2.410768266275306049e-01
1.292210364386679577e+00,-5.283573463147678062e+00,-5.471563865940489713e-01,2.411560285445894514e-01
1.292555942380143597e+00,-5.283989673663113784e+00,-5.458885547360848856e-01,2.408719617790321121e-01
1.291806406000290064e+00,-5.280263712640123508e+00,-5.398972006025066772e-01,2.382317523396838554e-01
1.299234503896716575e+00,-5.304536904173783540e+00,-5.614425769890264428e-01,2.606146702544107630e-01
1.331026901043184996e+00,-5.223217680758404313e+00,-5.832192657106929357e-01,1.869488357243606624e-01
1.426979533449160842e+00,-5.195449053416572482e+00,-7.471662148399665915e-01,1.770689784560133262e-01
1.324216890482930120e+00,-5.242921038368635323e+00,-8.179625170698843206e-01,1.500765254642554281e-01
1.254603761983536847e+00,-5.148062622699994151e+00,-8.676748039718035210e-01,1.759317114478551880e-01
1.163188564521606683e+00,-5.187052986794255638e+00,-8.661412143433738775e-01,-1.243943277756814347e-01
1.112085687894615482e+00,-5.124293153493324482e+00,-8.428855640357443280e-01,-1.633533513748768318e-01
1.080260946087274077e+00,-4.353851589712623316e+00,-7.652679400906583496e-01,-4.235122997783296039e-01
1.181325951224540427e+00,-4.408177086544291079e+00,-9.446823941719013629e-01,-4.601526975539489972e-01
1.191631451216769166e+00,-4.429752139724631554e+00,-9.607207211636550337e-01,-4.488297046521615430e-01
1.188778601808805790e+00,-4.424306306224321972e+00,-9.729564816491148571e-01,-4.433610488174117292e-01
1.191767567508811965e+00,-4.428086926120307965e+00,-9.802860295283964964e-01,-4.368791653755690896e-01
1.175233702597928476e+00,-4.510801194968592220e+00,-9.110678313035952547e-01,-4.843833401334800004e-01
1.143654400412449146e+00,-4.533931532418383092e+00,-9.692295478714495482e-01,-4.565923255869269726e-01
1.132616606281341198e+00,-4.512752943914364323e+00,-9.986659990091544259e-01,-4.633785062288436896e-01
1.275193182502902811e-01,-4.356577790274779538e+00,-8.249520633714340079e-01,2.139816899740804024e-01
4.411592952839504811e-01,-4.563330197987392367e+00,-5.855021246706264559e-01,4.189752082723342541e-01
4.358464259688711873e-01,-4.830343624460652130e+00,-3.306096120452352016e-01,4.731786909966076982e-01
5.029538561943048824e-01,-5.058909669750499383e+00,1.861229627383327312e-01,2.566071884785509072e-01
2.627277255932679578e-01,-4.977837803967137376e+00,-2.413920280654832662e-01,3.855433401371379798e-01
8.061901059851200868e-01,-5.487167456070533689e+00,-3.563346181840175153e-01,-4.393138246732176677e-01
8.728727976498550367e-01,-5.681003014477308710e+00,-3.503301381966804073e-01,-2.916392463906959387e-01
8.878039580118276541e-01,-5.722709800929976609e+00,-4.220364898118458274e-01,-2.560572705186472398e-01
8.184160742167612135e-01,-5.729763523896640010e+00,-3.622842679453672221e-01,-3.537736722131926137e-01
9.955780690001070354e-01,-5.964422309149776780e+00,-3.155051968181354916e-01,5.610985905114779237e-02
9.935696344644914246e-01,-5.995035749320525298e+00,-3.217089482066471939e-01,6.350678515179035422e-02
7.583307565907044800e-01,-5.991109771593682964e+00,-5.898706080796003448e-01,2.702736274607123179e-01
7.396014591810966543e-01,-5.999819273527108976e+00,-6.158416538700134391e-01,2.770950750480936642e-01
9.506564519627993537e-01,-5.766823835137816268e+00,-1.867547932072662897e-01,2.028281544032932149e-01
9.807267743063888821e-01,-5.758916180315539535e+00,-1.887539967415606534e-01,1.897407539830649748e-01
9.829686489327967847e-01,-5.753505489602527057e+00,-1.886136264489772230e-01,1.915103550419244849e-01
3.415035047390787559e-01,-5.195526755047398915e+00,-7.011946397907327100e-01,3.707149980850850124e-01
-1.202243305042977606e-01,-5.965271465683019692e+00,8.390673850985761462e-01,-6.252953471925898343e-02
-5.959362342973232307e-01,-5.873174457330339493e+00,5.620576560976932035e-01,-8.427974350195742426e-02
-6.280958947686329230e-01,-5.789738577355402427e+00,6.420606581501919763e-01,3.491187683160837940e-01
-4.733294047305285912e-01,-5.277259414942955473e+00,8.886542071993143166e-01,1.203681361568467167e-01
-4.754901115151633495e-01,-5.279544217479792856e+00,8.931411809850138273e-01,1.218503388792463310e-01
-2.456823069827339667e-01,-4.788139252538144319e+00,-1.968120709521354872e-01,-3.178578126507733415e-01
-5.355306043314402853e-01,-4.488396530104886928e+00,-3.772913767747113623e-01,2.346584902128950878e-02
-1.719031897144178145e-01,-4.635287872819985111e+00,1.817446318518489701e-01,1.916485481375514166e-01
-1.272791026036109718e-01,-4.902980324740771501e+00,1.966454440574334772e-01,-1.366449956127868681e-02
-1.585329130101015005e-01,-4.909540316446943109e+00,1.791122810792768472e-01,-3.465426095292895720e-03
-3.711675994914321319e-01,-5.857838747383117273e+00,-7.203201705539410415e-01,1.060829894884049579e-01
-3.644128514915652151e-01,-5.895495435345946333e+00,-6.936851475521378374e-01,1.902247930461245240e-01
-2.087820859499219805e-01,-5.779335214701653456e+00,-8.539749753756018524e-01,4.474728362899441647e-01
-2.134340672513792558e-01,-5.796812219801761756e+00,-8.477987342475804544e-01,4.783860702513931251e-01
-1.263467782028303843e-01,-5.999163937327667284e+00,-2.135913925333737806e-01,1.281852087738979407e-01
-3.404414165355970079e-01,-5.895807375659592786e+00,-1.844637478427360033e-01,2.582935917829738415e-01
-3.983152778612698008e-01,-5.754453568366874272e+00,-5.420741677314814266e-01,4.108107991771111078e-01
-4.044347359722249013e-01,-5.751826466511638536e+00,-5.641242323933272074e-01,4.888468694680966897e-01
-4.034573132950338703e-01,-5.742576887296800159e+00,-5.776084361489541852e-01,4.709429223543210585e-01
-3.833174310304086063e-01,-5.703185677136095144e+00,-6.308593932725021780e-01,4.243425999778569491e-01
-3.670272158892971537e-01,-5.634126636043582437e+00,-7.193933990422652913e-01,4.030150923952410258e-01
-4.476609319391308128e-01,-5.689253031191560339e+00,-6.349787663672411542e-01,3.493269834008710384e-01
-8.313929956572642110e-01,-4.779866541498000387e+00,9.892102343839553891e-01,-1.232483598246116863e-01
-8.394184827642787727e-01,-4.779424866791926796e+00,9.990816152913919446e-01,-1.308781346943064805e-01
-8.576860314579490829e-01,-5.591615850072492400e+00,7.235630577309866140e-01,-2.363144369411930845e-01
-8.301362305446980949e-01,-5.542357632355733976e+00,7.994683101495040356e-01,-3.140947386039560918e-01
-7.497208847139743559e-01,-5.349104922952986563e+00,5.546698235337329530e-01,-4.958424751534311614e-01
-7.472234143722361610e-01,-5.348058666757941282e+00,5.536921642233488816e-01,-4.983304729928701438e-01
-7.472679545394591560e-01,-5.348018132256045831e+00,5.537325385605621486e-01,-4.984202276277194810e-01
-7.806175367240131280e-02,-5.848920792353426101e+00,7.841721162810069701e-02,4.189128483793249091e-01
-2.066934351783767110e-01,-5.662128686808987510e+00,-3.776025908284713628e-01,3.993639853301280684e-01
3.494012179209808888e-01,-5.599436377408284038e+00,-6.308675733907804783e-01,-2.589222619942299630e-01
2.925755352969518497e-01,-5.473253421707730659e+00,-6.585490594475523762e-01,-3.785627635245562006e-01
2.953365272899860505e-01,-5.544104146513411990e+00,-8.229974434752040935e-01,-1.956954067082680992e-01
2.646304388255948381e-01,-5.605242241510714152e+00,-7.982191125419149103e-01,-2.141114448877642629e-01
2.398520616184996179e-01,-5.606889939778918475e+00,-7.871823207412546042e-01,-2.175673326940602836e-01
2.749491414964519986e-01,-5.834646163737925662e+00,-8.131804442422572166e-01,-2.101782519515705827e-01
2.991507763860464797e-01,-5.793975559558383281e+00,-8.377983454433274302e-01,-2.638260796612458270e-01
2.747481189634534693e-01,-5.233368180325210339e+00,-9.494623628693130701e-01,-8.574844158566635732e-02
2.668966430338293727e-01,-5.236358881686021149e+00,-9.788841498379222683e-01,-8.464612742137681001e-02
2.690395002477814490e-01,-5.238791251386003545e+00,-9.814809433876215961e-01,-8.367130073168506377e-02
2.755911032523172821e-01,-5.236347918460613649e+00,-9.980996150355492258e-01,-7.910436397068876246e-02
8.397862406550418157e-01,-5.336019624608153933e+00,-7.896355713704675816e-01,1.631081666947456488e-01
8.604403544137307902e-01,-5.305616755192575695e+00,-8.784184310541052199e-01,1.446431448731456404e-01
8.473575513551564464e-01,-5.303933479649512783e+00,-9.370393361073843241e-01,2.288143875507308023e-01
8.378789659811890500e-01,-5.306795578392527801e+00,-9.458713889707760503e-01,2.322477585467121464e-01
8.915061268935982053e-01,-5.216544127440973178e+00,-9.190183981072745922e-01,2.622098620522820833e-01
8.130446818747959492e-01,-5.269921972442667801e+00,-9.837055824736389287e-01,2.460541740278107403e-01
8.138621769128279171e-01,-5.269240083742440461e+00,-9.828912930967025341e-01,2.458681046005160853e-01
9.245988588984748180e-01,-5.258460752742893263e+00,-8.246852092190066763e-01,4.192037472304267487e-01
8.767208858664796711e-01,-5.380208557649136303e+00,-6.889097098411045561e-01,4.979519225640451907e-01
1.081779614307340376e+00,-5.360512453667736210e+00,-3.397523669527702239e-01,-3.081212142531695175e-01
7.038499726544755752e-01,-4.797291387911196914e+00,-3.036321721312980060e-01,2.913698340319982316e-01
7.661570303084040967e-01,-4.745701154719032644e+00,-1.804673735797523992e-01,3.961233746096394226e-01
7.868164599515028446e-01,-4.777390436613606184e+00,-2.318142949285510457e-01,3.882320314658244120e-01
6.823194354513961724e-01,-5.312544438635104171e+00,1.075453837933200707e-01,1.165439547813314491e-01
7.739665213523012621e-01,-4.771928474799064901e+00,6.247626476657788114e-02,-2.888945619415547172e-01
7.594701821293680100e-01,-4.883381532827866245e+00,1.078666409884474764e-01,-3.533140428242038666e-01
7.002595564066668166e-01,-4.832750769117017065e+00,1.751428145853484164e-01,-3.068040442825067382e-01
6.350790304448142853e-01,-4.779629311594817409e+00,3.970869723480202618e-02,-4.949569170439236387e-01
7.862060046842300753e-02,-2.974528380055313725e+00,1.246840070820893764e-01,4.178376084194295181e-01
8.950681954010780705e-02,-2.989727474922010853e+00,1.142271453669160414e-01,4.407237306922383580e-01
1.501589746409921489e-01,-2.985639219209004214e+00,9.143346041771230337e-02,4.679399482233745355e-01
1.493047617746937061e-01,-2.986443979020525941e+00,9.177900594772459009e-02,4.685417256314543533e-01
1.321596645328518838e-01,-2.955415814419354081e+00,1.021122181730320932e-01,4.784466063215611076e-01
4.220394187874018654e-02,-2.872299052681208664e+00,-1.649273441323952094e-02,3.819274861983323888e-01
-5.556722682415830838e-02,-2.824119294234224586e+00,-1.468960860312209377e-02,4.321909165446454759e-01
5.070086768610634897e-04,-3.027924947066539474e+00,1.723732794243838795e-02,4.464801410642378898e-01
-1.202975167003345926e-02,-3.063041733268655697e+00,5.878365252728628282e-02,4.639883209112825591e-01
-1.617821309590055170e-02,-2.975798692633045750e+00,1.369529956336092841e-02,4.934512014914774758e-01
-5.932143188037702908e-01,-3.282787365494816090e+00,5.816238060060852089e-01,-2.230916797809937568e-01
-5.975911655697929703e-01,-3.296716402446451255e+00,5.841709005696985590e-01,-2.460632721334307937e-01
-6.333269038893363234e-01,-3.251794841047392914e+00,5.481875376896606644e-01,-2.195353279842301442e-01
-4.777895974237100774e-02,-3.132125952940755909e+00,7.058451973605684993e-01,2.654367044346143678e-01
-5.841499029691847589e-02,-3.132390013697844644e+00,7.212496507352922359e-01,2.801150262533433910e-01
-6.058785959052861991e-02,-3.146142133782757977e+00,7.247672531740804169e-01,2.871752080436214549e-01
-2.713417294895535681e-02,-3.124777127781468877e+00,7.368181390570149869e-01,2.902754670386096802e-01
-3.295042723596587342e-01,-3.186652926556067023e+00,8.420747761264437692e-01,4.800334038782011481e-01
-3.680340684472551693e-01,-3.182544894990696704e+00,8.692199266441630323e-01,4.754189954908505378e-01
-3.582246453193420055e-01,-3.177837701664371739e+00,8.732130664402444342e-01,4.755401959137172674e-01
-3.565168478857229650e-01,-3.179459084747174202e+00,8.739074888175025757e-01,4.759625781437416547e-01
-3.542895718597262045e-01,-3.176839128093787767e+00,8.757885185380900328e-01,4.762056721020968553e-01
-3.524948867127134511e-01,-3.177378913141417627e+00,8.467522467782346851e-01,4.934209905037714727e-01
-3.595407940955887560e-01,-3.189757211838985196e+00,8.522548812263877061e-01,4.978271762338777329e-01
-9.375076144160642277e-01,-2.525480384147592794e+00,6.389779282776323344e-01,4.147191256633005474e-01
-8.739375825707236256e-01,-2.572008361209083382e+00,5.675984029183340773e-01,4.974754554132403417e-01
-8.797381568087404569e-01,-2.569351907865672136e+00,5.648933696194667897e-01,4.995691016238976712e-01
-1.166829375572887129e+00,-1.494106068579076352e+00,9.402208979136618128e-01,3.618817541022446571e-01
-1.136151863595670886e+00,-1.462297837329220584e+00,9.169584637759840007e-01,3.895173629203403376e-01
-1.140310035309390679e+00,-1.457202228517013198e+00,8.967074882778912626e-01,3.889213786994908939e-01
-1.155528715469287704e+00,-1.547128939310980389e+00,9.645794446722606441e-01,4.250796598597835763e-01
-1.191717217263547512e+00,-1.458627659159538181e+00,8.733509543726948321e-01,4.238074827920230714e-01
-3.035732500368281128e-01,-1.464228054483315500e+00,2.198539432079460454e-01,-2.405652770711697030e-04
-8.587856999301304306e-01,-9.818823146456745476e-01,3.863668890990833438e-01,2.683310620657807788e-01
-6.157434117172895238e-01,-5.853092589086923425e-01,1.777264683852903815e-01,-1.083333267906602115e-01
-6.836564604333641437e-01,-6.174945878085191797e-01,1.046434208072136163e-01,-1.575386256883744562e-01
-4.809960934726014159e-01,-6.748526226882626267e-01,1.002477459207972016e-01,-2.294345278779408304e-01
-4.604028069093865638e-01,-7.179561088374155631e-01,-2.981446050463280872e-02,-3.785382729348480968e-01
-4.487714883015969103e-01,-6.909699216207756400e-01,-1.211124707660761468e-02,-3.986242184851995218e-01
-5.317972682576698196e-01,7.852642419457158685e-01,-3.142551596891771659e-01,2.052974666882286248e-01
-5.364794346216006371e-01,7.751927079287600497e-01,-3.200805688204119148e-01,2.088819595235316962e-01
-4.355175565847770880e-01,7.578941043293753177e-01,-2.682193078334464409e-01,1.862334015500016482e-01
-9.623186157586669509e-01,2.260825795366636193e+00,1.912634734053371144e-01,-8.103385725979647680e-02
-5.652639449805119121e-01,2.323329515823591152e+00,2.238793263490077012e-01,6.644654730901375372e-02
-9.251865642425198821e-01,2.408705765439132840e+00,1.207020710068089087e-01,3.827769595672466663e-01
-8.748602423297533459e-01,2.367008218958189580e+00,1.605348268131567280e-01,2.216372152120199279e-01
-8.004682675078843568e-01,2.676846739924190199e+00,1.243487356260795651e-01,-1.748049311632240144e-01
-3.415581211491930391e-01,1.927042711160187327e+00,9.029541922848671742e-01,-3.246833933198478572e-01
-3.281647435130350399e-01,1.950898570429073553e+00,6.414774216795557926e-01,-4.154362123250978089e-01
-2.806893869622603677e-01,1.879107294079100487e+00,7.892241317817352275e-01,-4.497636181097796615e-01
-4.537024230140491166e-01,1.568810273531326516e+00,8.112379787518294583e-01,-4.875670858036816324e-01
-4.552076830972158206e-01,1.568599750469396037e+00,8.096732930952319496e-01,-4.898922086991849834e-01
-5.157949368882145391e-01,1.572096270751998759e+00,8.602172736898741068e-01,-4.749613948282440656e-01
-4.994995308601470896e-01,1.594949646875427840e+00,9.807264261543245931e-01,-4.540601272342804640e-01
-5.218672295540905948e-01,1.584058048992814882e+00,9.955329102130344721e-01,-4.735372836623647497e-01
-7.282298624384514474e-01,1.584445129286560006e+00,9.303872842287420619e-01,-4.602968116603521898e-01
-7.268363274933613560e-01,1.564010834027044883e+00,9.472989323849662080e-01,-4.433497650062581674e-01
-7.393180152679936779e-01,1.601575848204672470e+00,8.887322704970639364e-01,-4.852365432703138470e-01
-7.383707450712756470e-01,1.597994149271438458e+00,8.855353094382039103e-01,-4.865550524000836208e-01
-7.390123020363109640e-01,1.601416348950440049e+00,8.886994827400465091e-01,-4.885298717315336714e-01
-7.290574151595528019e-01,1.619178077642468683e+00,8.794295257564344048e-01,-4.943109770397791647e-01
6.035714883398950459e-01,1.226989606063974669e+00,3.516590190864324894e-01,-3.656508835165924731e-01
6.778587975815573152e-01,1.156047885512565543e+00,3.947643102959707551e-01,-4.509939693962918272e-01
6.347110131245685682e-01,1.169701977491737432e+00,2.461263028881899295e-01,-3.900194398724433631e-01
5.795488730590674376e-01,1.251702664776328966e+00,4.038757994528899831e-01,-3.922764911573218272e-01
5.926107594150759050e-01,1.518971308860553204e+00,5.505839447673659404e-01,-4.646750939163785121e-01
-4.086312796025662886e-01,1.206880078068944595e+00,4.186558914046346058e-01,2.854080786744322973e-01
-2.689794065884794638e-01,1.030409332181934534e+00,3.927728772424804449e-01,4.988011635548044165e-01
-2.682666567619391151e-01,1.030984540091136381e+00,3.934638011814896030e-01,4.992918625083943018e-01
-1.893046385932771469e-01,1.112707315178951051e+00,5.007245047234664126e-01,3.687001635072452710e-01
-1.525265648732586632e-01,1.093410108919478319e+00,4.987848542940939711e-01,4.444668473885157733e-01
-1.302188774453437170e-01,1.020234247025874730e+00,5.343480186864512094e-01,4.996090287439466926e-01
-1.302422437581050307e-01,1.020028148759040798e+00,5.344212942733583827e-01,4.996608535198726053e-01
-1.302748500757951733e-01,1.020002883625146906e+00,5.344156696706975351e-01,4.997071631837445849e-01
-1.298774099106744795e-01,1.020113361985055755e+00,5.349311651307938620e-01,4.999572766675920987e-01
-1.298999148207893861e-01,1.020082925535682028e+00,5.349593861105567116e-01,4.999659959105243745e-01
-1.299215438488706409e-01,1.020089090621324468e+00,5.349706652268898521e-01,4.999978043465407862e-01
-1.299207917681289848e-01,1.020058561922481122e+00,5.349585111554501227e-01,4.999998972352418525e-01
-9.178476410494760263e-01,1.026011107701999547e+00,7.152236405647774964e-01,-1.667189410195353272e-01
-9.394924833588065294e-01,1.030367648881708842e+00,7.327263647324373519e-01,-1.491441570127479965e-01
-1.311615489165468995e+00,1.351146341944488238e+00,9.938630492653641735e-01,4.547578574621644609e-01
-1.297780608666799562e+00,1.326168657194590539e+00,9.909286735598761275e-01,4.790798380281299229e-01
-1.297694291828476620e+00,1.326237248376625155e+00,9.911064667410157680e-01,4.786714652734628817e-01
-1.202849796871185539e+00,1.719639734947009835e+00,5.953749750947515129e-02,4.995656191263325163e-01
-1.202989971995725771e+00,1.719571035602102338e+00,5.941576568368243938e-02,4.998306861418247427e-01
-1.139644902746724142e+00,1.637854025139916070e+00,2.370148503304089771e-01,4.427007744631358821e-01
-1.181848060831999447e+00,1.621365233589946664e+00,1.664833100061597349e-01,4.012546144620139366e-01
-1.272793422242897821e+00,1.550723457602528832e+00,1.636552247129438586e-01,4.678412145091467855e-01
-1.277005942454252807e+00,1.563799212596994836e+00,1.752661830596913828e-01,4.716380748179535565e-01
-1.266181421327026380e+00,1.578959772808018247e+00,1.992670463976424777e-01,4.966778615783646877e-01
-1.266317882664309113e+00,1.579092885786681499e+00,1.994540707568569216e-01,4.973690142538846337e-01
-1.267304171598879980e+00,1.576575282043748638e+00,1.998050340730856134e-01,4.989972546641300855e-01
-1.267494165265353967e+00,1.576375650918923288e+00,1.998257692690995069e-01,4.993733189500543790e-01
-1.267589839565603782e+00,1.575961373043788472e+00,2.000682219133625428e-01,4.999934138500225500e-01
-1.267589592129675591e+00,1.575961415990359660e+00,2.000682085355137141e-01,4.999935481482044031e-01
-1.267591329389769372e+00,1.575959444855074665e+00,2.000645108727207022e-01,4.999966614937358944e-01
-1.328772752140610303e+00,1.856452355253722875e+00,3.448357634311213782e-01,3.325086681678635081e-01
-1.321969191026544310e+00,1.869886286221289495e+00,3.319996206117906135e-01,3.224505684763596669e-01
-1.535593421343474985e+00,1.264621455871450584e+00,7.750386187087658918e-01,4.783415138904891228e-01
-1.535992268677798256e+00,1.266335680730186430e+00,7.765021674328638213e-01,4.785184347262925186e-01
-8.700375480641684423e-01,2.155179060105080424e+00,8.482062677198834999e-01,4.093886679707117171e-01
-8.529784231267569794e-01,2.137000768747124191e+00,8.690184041458492992e-01,4.418378363924220231e-01
-1.212045673549484892e+00,1.827954133131158621e+00,6.095474132608980078e-01,3.633850338464719165e-01
-1.214870496322810967e+00,1.836205836801130920e+00,6.032905928350584812e-01,3.972688389008913190e-01
-1.139838875945303531e+00,2.041271430314256285e+00,1.922051799618177959e-01,2.991365427046465131e-01
2.857244630767579174e-01,3.141918260573856259e+00,1.073988718120209018e-01,3.679537452047559887e-01
4.284801361529310126e-01,3.082832113124552187e+00,3.205324151743516037e-04,2.575002881217696160e-01
6.393701717486368619e-01,2.445959301625696636e+00,-3.014305060456698993e-01,4.236698059566695873e-01
-5.231351285986052257e-01,3.107994017196670899e+00,-3.249368932770185237e-01,-7.522128953307183341e-02
-5.804719454985289850e-01,2.851224677529625495e+00,-1.430421498088337573e-01,-3.221193750811503914e-02
-5.711125761950219815e-01,2.844472906189303263e+00,-1.760463421005997176e-01,-5.726058097515454581e-02
-5.706479155140574688e-01,2.623385619124296575e+00,-3.826986302183465471e-01,4.297101029577315989e-01
-3.552300978130087938e-01,1.611869823309862948e+00,3.059986917659940353e-02,3.615953172642665248e-01
-3.054683289628050691e-01,1.573881005913933429e+00,-4.277852609638892190e-02,3.095190307162796195e-01
-2.347006174116929023e-01,1.520090321254580878e+00,-3.760762595261121222e-01,4.663075603126247137e-01
-5.060775493237472666e-01,1.571132142122769526e+00,-3.683504055951574152e-01,1.844674276139686708e-01
-4.953886084562947323e-01,1.615159409479948849e+00,-3.370554082701381349e-01,9.291231848737188659e-02
8.286993767977571812e-01,2.222677407648384840e+00,-4.792659460141273087e-01,-1.587084882074334680e-01
7.893965664994834208e-01,2.247204406388149778e+00,-5.379191140377438396e-01,-2.340699180630068654e-01
7.674669389267625430e-01,2.179788438558355690e+00,-7.385258695155718645e-01,-1.607253720714561518e-01
7.573192124641359158e-01,2.169526188466756711e+00,-8.022240633402295540e-01,-3.759810793909031945e-01
7.353180322163489491e-01,2.218729749703360898e+00,-8.365602516418604306e-01,-4.140200878711672305e-01
6.842696848486434780e-01,3.130575504292388622e+00,1.122817784555223408e-01,1.429934507764579754e-02
6.697579004909590683e-01,3.162903569879169652e+00,1.341918420981195736e-01,1.892460021972376324e-02
6.718859022699582573e-01,3.164862651575472086e+00,1.342993590678038252e-01,1.757072410260401146e-02
6.659291229224741926e-01,3.725406217835119715e+00,-6.896169988912204118e-02,-9.926738966521761465e-02
6.176980704659438270e-01,5.351942231914595283e+00,1.226509460820599529e-01,-3.419974469021147545e-01
5.114481513942360502e-01,5.094128215802250281e+00,5.085753936660746266e-01,-3.403345134328928934e-01
3.108543804633588925e-01,4.783930101136213864e+00,4.103140556757092772e-01,1.052234217904840508e-02
-5.614955415676811112e-01,4.768384777047834255e+00,5.525314807667127681e-01,4.518885645124090522e-01
-5.304240635460301112e-01,3.403015328001582240e+00,-5.488822705420570713e-01,3.313546386315886494e-01
-6.996440670182451083e-01,4.382417231918082301e+00,-4.766606673250835535e-01,4.690178756194687271e-01
-7.111103038301727075e-01,4.388114259241397086e+00,-4.785369146376186600e-01,4.727889350119559575e-01
-7.069752633491940275e-01,4.396403268896071914e+00,-4.768679331477969630e-01,4.834050313864695081e-01
-7.090578274210070919e-01,4.401400873376936751e+00,-4.826070566479627177e-01,4.867904706285065553e-01
-7.076132150380807229e-01,4.400650411941259499e+00,-4.822471234696001918e-01,4.882854356114607608e-01
-7.123910570047118362e-01,4.421289077231751463e+00,-5.026980172473191066e-01,4.982987113359209075e-01
-7.130239121905461719e-01,4.421974801564363844e+00,-5.037441073942297010e-01,4.988638339366086027e-01
-7.161593934618688539e-01,4.424730702393912196e+00,-5.110857462621248848e-01,4.993000468016052795e-01
-7.161514264024797516e-01,4.424656559094862551e+00,-5.109224762469943837e-01,4.993830203992350447e-01
-7.188173934521074893e-01,4.423110241705260570e+00,-5.075988969159852537e-01,4.999512064947386203e-01
-1.055741469099199970e+00,4.375706177318196666e+00,5.409488903713521868e-01,-4.163171846715593705e-01
-1.055916243028507839e+00,4.299811818956006171e+00,5.727056791851135031e-01,-2.970725094308631631e-01
-8.255931510579849197e-01,4.604801909762309187e+00,2.462692320682666747e-01,-3.750341993872173818e-01
-1.044028826498798690e+00,4.379814235099518172e+00,-8.504247508196138838e-02,1.823710272584487813e-01
-6.932676905435422032e-01,4.239935936454862109e+00,6.760754600157364846e-01,4.932439549032122117e-01
-7.060611330765689253e-01,4.241927941541455915e+00,7.262374274580074562e-01,4.861058992483933139e-01
-6.046606695536398401e-01,4.207642690361831583e+00,9.869263498690263869e-01,4.208495447513944665e-01
-6.335087042623638309e-01,4.244848463172986364e+00,9.926037615145270054e-01,4.161969384757494006e-01
-6.246026144052628792e-01,4.243665198257350113e+00,9.969597199612957317e-01,4.448762517130142591e-01
-1.142962597942454028e+00,4.026036558891604500e+00,5.369905926660318851e-01,-2.197095384042746513e-02
-1.103940899241425688e+00,4.037097487086816372e+00,5.416203201345580753e-01,-2.711132549896268923e-02
-1.042794133840543092e+00,4.037717259898226274e+00,9.634714821939200924e-01,-1.024657400061156909e-01
-1.050924349311948891e+00,4.024803655709884964e+00,9.708427608856403657e-01,-1.170366159656830995e-01
-1.145128697591897504e+00,4.180593799215508888e+00,9.848925663111279816e-01,-1.775116227883617170e-01
-1.152509386470223607e+00,4.189421841568210958e+00,9.928111775601758948e-01,-1.755116279469530749e-01
-1.153487522163511469e+00,4.188956341450484899e+00,9.944876507908982921e-01,-1.763242768853630627e-01
-1.154539842818346429e+00,4.191867215601704721e+00,9.995246881834960462e-01,-1.773989291282580538e-01
-1.408122097845375009e+00,4.503776847176380826e+00,9.483407332223670050e-01,-3.423497137985226368e-01
-1.398698112902013291e+00,4.491843609988250385e+00,9.448371779693032213e-01,-3.539339161180519167e-01
-1.398868158747530677e+00,4.492129209716601679e+00,9.447343029000718762e-01,-3.541834269458403739e-01
-1.400859448366330584e+00,4.495340435894738640e+00,9.543202615084254159e-01,-3.542432071525205006e-01
-1.382202295443095030e+00,4.505151092205818664e+00,9.825351752095001778e-01,-3.590289134540032290e-01
-1.402058124753652990e+00,4.521538684603827463e+00,9.945271136736844042e-01,-3.347290384182743939e-01
-1.131603371432128968e+00,4.419743279640653277e+00,9.375608644595225805e-01,-1.532018361155359221e-01
-1.152533911432720659e+00,4.382043918490524881e+00,6.947394143641162367e-01,-2.898927686820272354e-01
-1.233050680076457128e+00,4.368073097395020810e+00,2.483088923751494703e-01,4.807153763807984759e-01
-6.141723547022870378e-01,4.618103697112919903e+00,8.576861591664763917e-02,4.465492696867123801e-01
-6.175257263283500109e-01,4.563759511737973895e+00,3.643367912293229982e-01,3.954525122337838594e-01
-6.879300114298859681e-01,4.563261467689760487e+00,3.079214699505928854e-01,4.032189455443107584e-01
-6.977818636877962666e-01,4.572219332407895465e+00,2.878769846835720347e-01,4.512722074324052035e-01
-7.120415474750749762e-01,4.536691831629431348e+00,2.213561733709968060e-01,4.713149323940001301e-01
-7.319765562405438075e-01,4.484424903336908130e+00,2.769957320825693348e-01,3.811876092585933518e-01
-1.084213351855909835e+00,4.739076774557561933e+00,1.148178576951338070e-01,3.167107264323371085e-01
-9.687563346402524589e-01,4.893878003744505989e+00,7.931780078510217158e-02,1.107567109771475100e-01
-1.324657236490336398e+00,4.424989549583392190e+00,2.324689914137678670e-01,1.177501463676331461e-01
-1.317788645335486342e+00,4.419332257431230815e+00,2.263437117941117516e-01,9.277314529799046694e-02
-9.166060405411743384e-01,4.172646617403402480e+00,5.397899662773586460e-01,3.763370987942927237e-01
-1.063066264633153679e+00,4.266904091561252166e+00,5.168246058702624657e-01,2.463836733214227470e-01
-9.053657244782045144e-01,4.235640943427585903e+00,5.275654745213896879e-01,4.148960080330557076e-01
-9.104292850297714956e-01,4.210012268129085022e+00,3.537797890328184813e-01,4.739781908323382753e-01
-9.083488937214404535e-01,4.197802488291702439e+00,3.477693044182602611e-01,4.824327708497408440e-01
-1.744952535470183141e+00,3.966502325009984453e+00,7.350314038737293387e-01,3.514833712615646477e-01
-1.563000906092811171e+00,4.040703226084741750e+00,5.860571686151446746e-01,3.093879497493927100e-01
-1.540991073807337131e+00,3.971617018446490732e+00,5.530360111285013147e-01,4.099438143868459061e-01
-1.719058877948306474e+00,4.145561072061521024e+00,7.016173957128876149e-01,2.422611695153304434e-01
-1.909246496534423576e+00,3.377861483714259982e+00,9.845803637870537139e-01,4.290992253564995806e-01
-1.852846730898879191e+00,3.409648207223434202e+00,9.520789113770192769e-01,4.405455569318404985e-01
-1.851872552533710969e+00,3.410621979010567184e+00,9.392271249741965811e-01,4.370996591127773723e-01
1.210937852358268785e+00,5.273623102422141606e+00,-8.971537013288317652e-01,-1.059098483360719767e-01
1.040755395715063925e+00,5.034369233199310401e+00,-6.400311131579083934e-01,-3.746891291398127821e-01
1.016920578770470485e+00,5.069394792253614668e+00,-6.366910107843989364e-01,-3.881534733882263111e-01
9.879150416717332739e-01,5.076430808270092854e+00,-5.296871377904037725e-01,-3.378288002389522870e-01
5.884261195985721615e-01,5.636572446742799336e+00,-8.861039891230690912e-01,-4.112661915983737426e-01
6.674058297245157867e-01,5.777061577619129196e+00,-9.566696096857740805e-01,-3.865335125823956552e-01
1.052163410121379483e+00,5.520817514661743530e+00,-7.577744960838300736e-01,-1.414999737448566497e-01
3.417591836381350667e-02,4.606651708146396018e+00,6.568352283160877603e-01,-2.243747347963890859e-01
-1.469674513424019113e-01,4.587866905440111331e+00,3.174545646288081668e-01,-1.074866542680233267e-01
-1.597429911574863026e-01,4.216674250583459127e+00,6.042959348194496538e-01,-7.580426012170926597e-02
-5.281403503886658579e-02,3.569181550359986410e+00,2.256022761911977148e-01,1.913072753065384046e-01
-5.365304680798977516e-02,3.570185702827586294e+00,2.197185011037722790e-01,2.001499703221125970e-01
-2.852833139325066103e-01,3.424954007585878646e+00,3.329703472509754625e-01,3.335714221007753388e-01
9.468945396788730484e-01,2.595090646366356779e+00,-9.239900159284446524e-01,-4.741823345604533890e-01
9.923605985918708683e-01,2.462347763191116812e+00,-9.546380773308154044e-01,-4.168737569748856009e-01
9.553684943086893089e-01,2.498173803036375595e+00,-9.457534702471532828e-01,-4.844716646544762195e-01
9.494919491197469918e-01,2.448054268314900472e+00,-9.526281534613735280e-01,-4.717079712381686551e-01
8.282041866182349166e-01,3.359345543874844964e+00,-9.182189119819555989e-01,3.597620569296011706e-01
8.879579262381761540e-01,3.274223203850184838e+00,-9.374225396835133006e-01,2.977461940576285881e-01
8.867379797088147386e-01,3.274349640648190007e+00,-9.402393863077312952e-01,3.022662368049947590e-01
9.194035125393034136e-01,3.237234410705711163e+00,-9.803743937195920077e-01,3.448253034455836530e-01
9.354087997740165861e-01,3.278949807022709440e+00,-9.998406115177836950e-01,3.035397247337121018e-01
2.294840646673911300e-01,3.432982759318017330e+00,-5.698795177451219107e-01,6.357121366798307305e-02
4.318051948121122141e-01,3.323034092103683612e+00,-3.156205811212047241e-01,4.119725036070646107e-01
4.098425751717237331e-01,3.300063317539240870e+00,-3.162453002446798389e-01,4.429577614726231127e-01
4.466755298948639208e-01,3.329708509203294753e+00,-2.466743084231929894e-01,4.988271960000793537e-01
4.727300599376974000e-01,3.303118740537580145e+00,-2.360483624460606999e-01,4.912363330863595556e-01
4.741129951768277007e-01,3.306260780456736992e+00,-2.372288673362663303e-01,4.920408061437352987e-01
7.570416902073738852e-01,3.137889157034499998e+00,-4.183349359305063575e-01,3.996646587625961033e-01
7.957458486035176026e-01,3.169351166623915361e+00,-5.501604435113724989e-01,3.703683663069177179e-01
8.110211673459128967e-01,3.181937439717469118e+00,-6.477825716215105389e-01,4.010228676256604174e-01
8.365263806611514807e-01,3.265443290741446791e+00,-7.553821236684231666e-01,3.091692770299084847e-01
7.719842412482728067e-01,3.399632840397816214e+00,-7.379664886946940561e-01,1.820598551980325552e-01
6.120316507466445621e-01,3.286883491905800092e+00,3.197125801570638304e-01,-9.505124909440579306e-02
6.295617646795741429e-01,3.244886367074095279e+00,2.892357972801458121e-01,-3.485394912657328870e-02
4.913592781174393465e-01,3.012688973722970065e+00,3.950026934804976575e-01,4.632196768192493874e-03
-1.489540921777480764e-01,3.297451959392467824e+00,4.676096815307911880e-01,-1.929993365325950172e-01
2.189960484044062849e-01,3.192529033031286989e+00,2.901314282486842089e-01,-4.367811509547805393e-01
2.784064460497799320e-01,3.074643383545659248e+00,7.948945191479861450e-01,-3.222250339128362451e-01
3.804981448751013628e-01,3.164411895486746396e+00,8.065799078545521361e-01,-3.581586094183369373e-01
3.853863777019354009e-01,3.182491297297045829e+00,8.797237694476329750e-01,-3.394722299212668548e-01
3.188919296570247863e-01,3.350743466754442679e+00,9.692813403245004178e-01,-3.093284584751500033e-01
7.115937948812456337e-01,3.245775781946658611e+00,-4.606244578293096636e-01,2.990217718667556035e-01
6.279899858470526786e-01,2.892443629357475121e+00,-8.407968797450326992e-01,3.802711843256539881e-01
3.753382306443800442e-01,3.040984581722538049e+00,-7.781732674743033762e-01,4.504464087509079673e-01
5.811565991765784700e-01,2.559492297254434945e+00,-8.112295869431980222e-01,4.921571389138346686e-01
5.853072866047903666e-01,2.544345630485199017e+00,-8.180514702718170161e-01,4.970786611978109115e-01
5.841833776379964371e-01,2.543876305059505238e+00,-8.186211548337684052e-01,4.987027942994027851e-01
-7.321136545171436083e-02,2.513335842736708514e+00,-9.158662744504051378e-01,3.051934714285514660e-02
-6.855105092816983492e-02,2.505911811106680709e+00,-9.208314136539542671e-01,2.951814705579667089e-02
-1.123828358569566865e-01,2.760094192240930333e+00,4.778482775347311362e-01,-2.334248192008795131e-01
-1.090748993342211537e-01,2.792660012409189374e+00,4.801312746253422747e-01,-1.634593804941539830e-01
2.956447757994080661e-01,2.632594788037337707e+00,5.169865094214204371e-01,-2.287727097109557850e-01
9.315543972210310608e-01,4.479033288699342918e+00,-5.799147564397969523e-01,-2.523520402142208630e-01
5.183870998684063647e-01,4.584537452864769769e+00,3.799274454572985071e-01,-1.521406490904431141e-03
-2.858702226481326658e-01,3.778804807479812844e+00,-2.453772407472736283e-01,4.546324315584507891e-01
1.186331276326740292e-01,8.807573056115431953e-01,3.880755389071760542e-01,-2.796251526446654756e-01
-6.479082251038965623e-01,1.152130033775894180e+00,-1.635020263978793631e-01,3.833804751088784046e-01
-7.591146496227763052e-01,1.118836959447219614e+00,-1.228445947998165477e-01,4.061453793368572929e-01
-7.219197283208899085e-01,1.115140713175190479e+00,-1.437235641707787503e-01,4.484034103088952450e-01
-3.562099468025207716e-01,1.733338328741341527e+00,-7.096174085637445561e-01,7.904412599342480750e-02
-2.788653490925367961e-01,1.557092714613948603e+00,-6.173917002113912256e-01,4.425723261507440998e-01
-1.753240401679538873e-01,1.541141055130979431e+00,-5.947854186400067800e-01,4.694757155760326817e-01
-1.525807957168065498e-01,1.560479187234753429e+00,-5.898550087944036679e-01,4.789997794859992553e-01
-6.681901011508679655e-01,2.047523637857638246e+00,-1.893695366506559785e-01,-7.851850756302114487e-02
3.291979276337535509e-01,2.290724591989060865e+00,9.897547339467599459e-02,1.736425490723240150e-01
4.266411694081001515e-02,2.326291060174765057e+00,1.280374812005023455e-01,2.499492924082666601e-01
2.808424587079448309e-01,2.110688203614016878e+00,-4.099020841088300560e-01,-1.171524703594746530e-01
6.785370115023015014e-02,2.514151586000116456e+00,-4.057449744121431334e-01,-1.718758540768897114e-01
1.799685234317195126e-01,2.684385485839119845e+00,-1.641228764977615828e-01,-4.161775865713969180e-01
1.895849064635302117e-01,2.680453512849994002e+00,-1.577461043619708958e-01,-4.300075341060515255e-01
1.641812019037944548e-01,2.615100290287426077e+00,-1.924572370468575488e-01,-4.811119110563705781e-01
1.735584079248300715e-01,2.605326410168204099e+00,-1.929446048065169006e-01,-4.940942017536746333e-01
1.739253735160755376e-01,2.604734451524632011e+00,-1.928107672198738354e-01,-4.973937854187464036e-01
2.263013091770947338e-01,2.700427010274315087e+00,-3.646679410929121179e-01,-4.339311831020730148e-01
1.935685090847426015e-01,2.710385714913420063e+00,-3.792084193689157501e-01,-4.486418286444534553e-01
1.495857552368754506e-01,2.800831323908386850e+00,-3.351658776871388468e-01,-4.865351759025549616e-01
3.731838264784950177e-01,2.033390621955196931e+00,-1.907730342757038844e-01,-1.570031503133201833e-01
3.315487334432076216e-01,1.911077152385277866e+00,7.969580734807552025e-03,-1.988881201267306831e-01
4.572486340432790897e-01,8.848476561146976227e-01,-4.527143380311763332e-01,1.183662457852364125e-01
7.707308930823688620e-01,1.074164999524614528e+00,-4.379554430096640333e-02,-1.170604970000086037e-01
6.790127964107952607e-01,1.012896935385408037e+00,-2.279328059925491701e-01,2.913432825558807115e-01
4.716587150320222799e-01,9.495140844476666064e-01,-1.006277655975178209e-01,4.604009237018935607e-01
6.116182462079828852e-01,1.770251008693191741e+00,-6.723631469762433310e-01,3.113115238055385037e-01
5.987978272944208813e-01,1.786351552911347618e+00,-7.243550558689486607e-01,3.290497978586424122e-01
1.142802267093131263e+00,1.802105204545187966e+00,-3.664128103688362725e-01,-4.941082882954992428e-01
9.850030702725541820e-01,1.600914412662307162e+00,-1.316848445726283567e-01,-2.629695859624437970e-01
8.974114875328274010e-01,1.643589981571387693e+00,-2.399564231959679106e-01,-4.366936238999453712e-01
1.096789733279838641e+00,1.703428559630263184e+00,-8.496164985706290418e-01,2.590676107635503378e-01
9.945927282850465234e-01,1.679699313589543941e+00,-7.708761127705947569e-01,3.187380005418137263e-01
1.059714041649361116e+00,8.563451033767297549e-01,-7.282649980558923986e-01,-2.513262047793860532e-01
6.821126454779575798e-01,5.175565103234383013e-01,-8.736566177596444271e-01,1.427343663433647269e-01
6.577010514444163736e-01,5.533956105344038923e-01,-8.816792922052615333e-01,-6.743902125740319775e-02
-1.309752490517694712e+00,-5.686728774976440581e-01,7.240080418234767778e-01,4.393190876319197358e-01
-9.702354955407277437e-01,-3.412713301641043806e-01,6.512052850234140156e-01,3.772099372798769501e-01
-9.214970162686704214e-01,-3.180132312545040363e-01,7.508430154323678662e-01,4.236694544349937641e-01
-9.142268342133893499e-01,-5.946663456059159136e-01,9.208528946170312368e-01,3.609021626638092561e-01
-9.329260148164538746e-01,-5.913305133892705623e-01,9.176744444003325230e-01,3.857960781375128767e-01
-7.580010720704142280e-01,-6.516785041408654777e-01,9.878223733309268173e-01,3.293032226069151358e-01
-7.374121704183772552e-01,-6.664940538228694145e-01,9.863848917563915464e-01,4.237995851631892186e-01
-7.191878882760697200e-01,-6.660338483880701155e-01,9.940886162215167854e-01,4.216666983308771655e-01
-1.267831265611836011e+00,-6.283829834629743871e-01,7.804733336575659930e-01,4.781676012938979037e-01
-1.247742660616143029e+00,-6.963597153172326193e-01,8.635485004678287169e-01,3.469878793737768974e-01
-2.021944954573295927e-01,-3.442501719829378914e-01,6.031832770838332358e-01,2.223938419847865666e-01
-1.920061155570391420e-01,-3.182250129767985047e-01,6.331839175027860200e-01,1.875665989100051279e-01
-1.139758862382178745e-01,-3.476509506457614029e-01,8.187369579034042832e-01,2.260677257673169849e-01
-2.263794509148366052e-01,-5.869057236614643180e-01,7.252142671950618791e-01,-2.899694232746720668e-01
-4.718654446749543929e-01,1.181530841873020821e-01,9.991610188473429854e-01,-2.212976498575006945e-01
-4.732469254332155040e-01,1.229382176451495057e-01,9.896250365041642238e-01,-2.108469769516287673e-01
-4.312610459908668981e-01,1.112637014435675781e-01,9.979820833480362863e-01,-1.907442151795995522e-01
-6.989935697394482617e-01,2.395620256627105649e-01,8.261443102534157257e-01,-1.619709267862195490e-01
-8.953942463113450101e-01,-6.413414542455349310e-02,2.516710359860355878e-02,4.857512847524547150e-01
-8.947264175283354826e-01,-6.479222702762202357e-02,2.532789226605456842e-02,4.862939324058416224e-01
-8.546776790464175599e-01,-4.411258398354811483e-02,6.822391807622332771e-02,4.951839663878938591e-01
-8.392680993047801907e-01,-4.230555212993199893e-02,1.185480470666087083e-01,4.976942148708181635e-01
-8.898415588106024510e-01,-2.200376052778824087e-01,1.056825249150794149e-01,3.655459273497591588e-01
-7.466350407856771065e-01,-4.988900328431984388e-01,-2.627536291422684633e-01,4.864146806015750002e-01
-7.477772582429648152e-01,-4.976926311524080271e-01,-2.595682992818761359e-01,4.887036642956607002e-01
-8.758701646782358630e-01,-5.047845157054374754e-01,-4.843206978232320048e-02,2.444084469874686916e-01
-8.688661878553046725e-01,-5.409989646095934024e-01,-8.090963997482465697e-02,2.174019733089803397e-01
-7.387180676697361337e-01,-5.616768401656039300e-01,-3.476036604045493750e-01,3.435461919399384612e-01
-8.959361576885533918e-01,-5.799377567543931855e-01,-7.185598087345246299e-02,2.713797711736379847e-01
-5.204735081687578147e-01,-4.233469580224413775e-03,-5.692706896502723879e-01,9.199836489004012408e-02
-5.217739024730959629e-01,-4.276293339024361990e-03,-5.693829738236211302e-01,9.263418859638448966e-02
-5.216552539728814830e-01,-4.097297656021038452e-03,-5.701266251995935619e-01,9.241012926697987628e-02
-6.896015227943942394e-01,-3.471602482213753116e-01,-1.118512657547229283e-01,3.383309455150111389e-01
-6.970482969604682166e-01,-1.793776970736909449e-01,6.832711669761746265e-01,2.104187076165509873e-01
-2.679076883353171956e-01,-7.228579178525891269e-01,6.125337103123091875e-01,4.615427082756057287e-01
-2.306115998599685690e-01,-7.049733100878903258e-01,6.624341881703706969e-01,4.541812314196182476e-01
-2.340712208908347081e-01,-7.293431781796910762e-01,6.210999042426514904e-01,4.086208352182458814e-01
-1.371192448393172558e-01,-8.059222627776075898e-01,7.022698557252440299e-01,4.013480541177839034e-01
-1.625375209949310729e-01,-8.413355451871488144e-01,7.200901575111782194e-01,4.221520849077528004e-01
-5.126538399829591031e-01,-1.155085400399280315e+00,6.147471956210922572e-01,3.179844881326878148e-01
-1.101799396586222168e-01,-1.474116165362208353e+00,1.292392394940504730e-01,-4.871189504053041741e-02
-2.262874191475654495e-01,-1.706764294347774991e+00,5.561735806872538657e-01,-2.433752637518349915e-01
-7.290244510818096879e-01,-1.630016009948827227e+00,3.207653121074233171e-01,-1.985230356168400934e-01
-7.213797697177449786e-01,-1.617677613957100968e+00,2.779171059418029666e-01,-2.286316168562226581e-01
-7.223071551007185231e-01,-1.617399253848036844e+00,2.786857906591269085e-01,-2.287062134058752139e-01
-7.013382116642533637e-01,-1.651814015307399242e+00,4.546381142240775164e-01,-3.527940094124681902e-01
-7.935933333602147588e-01,-1.695118519212448494e+00,4.458559316037729592e-01,-4.623900309309696421e-01
-8.660920355219290379e-01,-1.796789177760671041e+00,5.542652628078191812e-01,-4.821344058225714990e-01
-8.644510812512342657e-01,-1.784946673839525211e+00,5.773504598778532726e-01,-4.923882707301042716e-01
-8.472934780953922385e-01,-1.829545843386499504e+00,5.891088242215679616e-01,-4.942015595357205915e-01
-8.469810415754031041e-01,-1.829640027812866165e+00,5.872229948308931302e-01,-4.957793098412923705e-01
1.384595539227413408e-01,-1.999052504874546665e+00,5.206088533364233717e-01,-2.828371498346523571e-01
6.436118213919872488e-02,-2.406725346259388054e+00,1.104767236273931919e-01,1.097124166453515293e-01
1.026865106567366182e-01,-2.370669237103258720e+00,8.635035616795744273e-02,1.583272810758155347e-01
2.867418666755622847e-01,-2.187967158318731453e+00,-1.789626045828800471e-01,1.966580608372937855e-01
-2.314843419741703934e-01,-2.487840075208157753e+00,-4.835310442154633348e-02,4.289178042301253768e-01
-4.536700161559296118e-01,-3.000256163883286309e+00,-1.789038623732823810e-02,-2.562632873684989043e-02
-9.813966958644499972e-01,-2.681006401736126588e+00,7.691790649605122487e-01,5.744360942631944467e-02
-1.076333346641236810e+00,-2.598320728865857188e+00,6.631785861139658511e-01,2.493500885933108008e-02
-1.035606376590916256e+00,-2.575543907369191921e+00,7.824980365121727566e-01,9.380434685385297122e-02
-8.579861194257101253e-01,-3.013695572397286249e+00,4.699848589557034662e-01,2.755588438208695923e-01
-3.952505766231115270e-01,-4.868321222381641888e+00,4.411970288326559908e-01,-2.429711121655351302e-01
-4.462657765090535245e-01,-4.906857211642064343e+00,4.266873501944392633e-01,-3.632398025776433226e-01
